Type,Landmark,Count
Metadata,GARDEN,782
Metadata,RESTAURANT,2667
Metadata,3 WORLD TRADE CENTER,115
Metadata,DUARTE SQUARE,197
Metadata,60 HUDSON STREET,143
Metadata,FDNY LADDER 8,213
Metadata,PERFORMING ARTS CENTER AT THE WORLD TRADE CENTER,72
Metadata,ALBERT CAPSOUTO PARK,161
Metadata,32 AVENUE OF THE AMERICAS,353
Metadata,7 WORLD TRADE CENTER,78
Metadata,CHURCH STREET STATION POST OFFICE,161
Metadata,TRIBECA,126
Metadata,CHURCH,3228
Metadata,FOUNTAIN,607
Metadata,2 GARDENS,435
Metadata,3 GARDENS,234
Metadata,POST OFFICE,1477
Metadata,W HOTELS,369
Metadata,HILTON,289
Metadata,ATTRACTION,1461
Metadata,VIEWPOINT,342
Metadata,CHAPEL,90
Metadata,BANK,2089
Metadata,CAFE,1721
Metadata,TOBACCO SHOP,42
Metadata,FORD FOUNDATION,91
Metadata,PERMANENT MISSION OF FRANCE TO THE UNITED NATIONS,98
Metadata,BEAUX ARTS,161
Metadata,UNITED NATIONS,30
Metadata,DAILY NEWS BUILDING,124
Metadata,ONE DAG HAMMARSKJOLD PLAZA,103
Metadata,JAPAN SOCIETY,40
Metadata,HOTEL,1570
Metadata,WATER,168
Metadata,CAR RENTAL,627
Metadata,CHARGING STATION,484
Metadata,VETERINARY,154
Metadata,SCHOOL,950
Metadata,MARKETPLACE,215
Metadata,THE BITTER END,161
Metadata,BLUESTOCKINGS,199
Metadata,MACDOUGAL-SULLIVAN GARDENS HISTORIC DISTRICT,140
Metadata,NOHO,171
Metadata,BOUWERIE LANE THEATRE,148
Metadata,MILL HOUSE NO.1,74
Metadata,MATCHLESS GIFTS HARE KRISHNA TEMPLE,171
Metadata,LIZ CHRISTY GARDEN,221
Metadata,THE STANTON STREET SHUL,150
Metadata,ROBBINS AND APPLETON BUILDING,145
Metadata,THEATRE,1322
Metadata,CHARGEPOINT,5
Metadata,LIBRARY,1748
Metadata,TWO RESTAURANTS,255
Metadata,MUSIC VENUE,129
Metadata,CINEMA,1530
Metadata,CHEESE SHOP,105
Metadata,CLINIC,1090
Metadata,VERIZON WIRELESS,682
Metadata,ACE HARDWARE,250
Metadata,TOILETS,451
Metadata,HARDWARE SHOP,40
Metadata,BICYCLE RENTAL,1431
Metadata,WASHINGTON SQUARE PARK,198
Metadata,TISCH SCHOOL OF THE ARTS,80
Metadata,MIDDLE COLLEGIATE CHURCH,154
Metadata,41 COOPER SQUARE,91
Metadata,WASHINGTON SQUARE ARCH,151
Metadata,COLONNADE ROW,103
Metadata,51 ASTOR PLACE,285
Metadata,IBM WATSON,265
Metadata,MCSORLEY'S OLD ALE HOUSE,43
Metadata,JOE'S PUB AT THE PUBLIC,159
Metadata,MUSEUM,2169
Metadata,TWO SCHOOLS,107
Metadata,2 BENCHES,454
Metadata,HISTORIC MONUMENT,193
Metadata,BLINK FITNESS,164
Metadata,PUB,646
Metadata,COMMUNITY CENTRE,374
Metadata,LIONS GATE FIELD,1
Metadata,HOUSTON VILLAGE DELI FARM,1
Metadata,PUBLIC SCHOOL 91 (HISTORICAL),1
Metadata,FAST FOOD RESTAURANT,1370
Metadata,CHILDCARE,66
Metadata,2 SCHOOLS,126
Metadata,BICYCLE PARKING,2370
Metadata,BENCH,1047
Metadata,COLLEGIATE SCHOOL,55
Metadata,COLLEGE,729
Metadata,2 SHELTERS,27
Metadata,THREE WASTE DISPOSALS,16
Metadata,MUSIC SCHOOL,68
Metadata,HISTORIC BUILDING,755
Metadata,2 WASTE DISPOSALS,13
Metadata,ARTS CENTRE,638
Metadata,BMW,45
Metadata,GALLERY,329
Metadata,TELEPHONE,255
Metadata,PARKING ENTRANCE,300
Metadata,HUDSON HOTEL,77
Metadata,RANDOM HOUSE TOWER,90
Metadata,CENTRAL PARK PLACE,116
Metadata,CENTRAL PARK TOWER,88
Metadata,1717 BROADWAY,79
Metadata,DEUTSCHE BANK CENTER,135
Metadata,PARK CENTRAL HOTEL,91
Metadata,MUSEUM OF ARTS AND DESIGN,135
Metadata,3 WASTE DISPOSALS,21
Metadata,TWO WASTE DISPOSALS,12
Metadata,TWO SHELTERS,40
Metadata,ST. JOHN NEPOMUCENE CHURCH,130
Metadata,CHURCH OF THE EPIPHANY,118
Metadata,QUEENSBORO BRIDGE,109
Metadata,MEMORIAL SLOAN KETTERING CANCER CENTER,130
Metadata,ST. CATHERINE OF SIENA CHURCH,90
Metadata,DOCTOR'S OFFICE,172
Metadata,DENTIST'S OFFICE,302
Metadata,PARKING LOT,482
Metadata,CONVENIENCE SHOP,261
Metadata,VACANT SHOP,211
Metadata,HAIRDRESSER SHOP,166
Metadata,FAST_FOOD,357
Metadata,PHARMACY,2553
Metadata,GNC,381
Metadata,WEWORK,302
Metadata,CLOCK,189
Metadata,LONDON TERRACE,186
Metadata,HISTORIC DISTRICT,816
Metadata,U-HAUL,23
Metadata,BICYCLE SHOP,68
Metadata,NOHO HISTORIC DISTRICT,552
Metadata,NYU COURANT INSTITUTE OF MATHEMATICAL SCIENCES,94
Metadata,BLUE NOTE JAZZ CLUB,58
Metadata,4TH STREET FOOD CO-OP,77
Metadata,FDNY ENGINE 33/LADDER 9,141
Metadata,MERCHANT'S HOUSE MUSEUM,95
Metadata,JUDSON MEMORIAL CHURCH,136
Metadata,JOHN'S OF BLEECKER ST,117
Metadata,NEW YORK UNIVERSITY,432
Metadata,WEST FOURTH STREET COURTS,79
Metadata,WASHINGTON SQUARE CHURCH,67
Metadata,PLACE_OF_WORSHIP,269
Metadata,FIRE STATION,453
Metadata,SUPERMARKET,317
Metadata,TWO BENCHES,502
Metadata,7-ELEVEN,733
Metadata,1166 AVENUE OF THE AMERICAS,92
Metadata,TIME-LIFE BUILDING,49
Metadata,BELASCO THEATRE,59
Metadata,ROCKEFELLER CENTER,119
Metadata,BURLINGTON HOUSE,37
Metadata,AMERICAS TOWER,88
Metadata,ALGONQUIN HOTEL,73
Metadata,INTERNATIONAL CENTER OF PHOTOGRAPHY,67
Metadata,W. R. GRACE BUILDING,88
Metadata,HILTON NEW YORK MIDTOWN,58
Metadata,HISTORIC RESERVOIR,105
Metadata,INDEPENDENT,152
Metadata,THREE GARDENS,261
Metadata,5 FOUNTAINS,57
Metadata,SIX GARDENS,14
Metadata,FOUR FOUNTAINS,18
Metadata,POST BOX,660
Metadata,CAPITALE,441
Metadata,STOREFRONT FOR ART AND ARCHITECTURE,210
Metadata,SAN LORENZO RUIZ CHAPEL,199
Metadata,240 CENTRE STREET,168
Metadata,ICE CREAM,807
Metadata,EVENTS VENUE,165
Metadata,HISTORIC NEIGHBOURHOOD,300
Metadata,ATM,1312
Metadata,HOWARD JOHNSON,83
Metadata,SCOTCH & SODA,211
Metadata,FLIXBUS,118
Metadata,HOSTEL,285
Metadata,PREP SCHOOL,47
Metadata,PHILLY PRETZEL FACTORY,34
Metadata,RED CUBE,75
Metadata,CITY HALL,55
Metadata,NEW YORK STOCK EXCHANGE,99
Metadata,CORBIN BUILDING,136
Metadata,BOWLING GREEN,135
Metadata,1 WALL STREET,100
Metadata,14 WALL STREET,71
Metadata,WOOLWORTH BUILDING,56
Metadata,EMPIRE BUILDING,154
Metadata,PARK,1881
Metadata,TOWNHALL,68
Metadata,HISTORIC RAILWAY STATION,59
Metadata,T-MOBILE,666
Metadata,FEDEX OFFICE,452
Metadata,UNIVERSITY,685
Metadata,DRINKING WATER,476
Metadata,FANELLI CAFE,237
Metadata,GUNTHER BUILDING,182
Metadata,NEW ERA BUILDING,180
Metadata,"GINA KEATLEY, CDN",242
Metadata,CATHEDRAL,346
Metadata,PRADA,38
Metadata,CEX,29
Metadata,BEST BUY,128
Metadata,URBAN OUTFITTERS,188
Metadata,CONFUCIUS PLAZA,253
Metadata,MARINERS TEMPLE,239
Metadata,FIRST CHINESE PRESBYTERIAN CHURCH,180
Metadata,MANHATTAN BRIDGE,368
Metadata,LIN ZEXU,246
Metadata,ST. TERESA'S CHURCH,246
Metadata,CHATHAM SQUARE LIBRARY,183
Metadata,3 BENCHES,347
Metadata,2 RESTAURANTS,206
Metadata,TWO KIOSK SHOPS,13
Metadata,GRAVE YARD,104
Metadata,MOTT OPTICAL GROUP,142
Metadata,CRICKET WIRELESS,173
Metadata,RECYCLING,178
Metadata,NEIL SIMON THEATER,65
Metadata,MARK HELLINGER THEATER,55
Metadata,ROSELAND BALLROOM,29
Metadata,PALAZZO D'ITALIA,45
Metadata,75 ROCKEFELLER PLAZA,31
Metadata,AXA EQUITABLE CENTER,40
Metadata,650 FIFTH AVENUE,51
Metadata,RADIO CITY MUSIC HALL,74
Metadata,ST. BENEDICT THE MOOR'S CHURCH,26
Metadata,LOTTE HOTELS & RESORTS,81
Metadata,AT&T,480
Metadata,SAKS FIFTH AVENUE,134
Metadata,INTERCONTINENTAL,94
Metadata,DOUBLETREE,200
Metadata,ALDO,102
Metadata,TWO GARDENS,442
Metadata,MARTINIQUE NEW YORK ON BROADWAY,299
Metadata,THIRD CEMETERY OF THE SPANISH-PORTUGUESE SYNAGOGUE,294
Metadata,HERALD SQUARE,349
Metadata,SPERO BUILDING,68
Metadata,HERALD TOWERS,362
Metadata,HAIER BUILDING,298
Metadata,CHURCH OF THE HOLY COMMUNION,304
Metadata,MANHATTAN MALL,334
Metadata,7 FOUNTAINS,15
Metadata,6 GARDENS,14
Metadata,COLLECTOR SHOP,105
Metadata,DAMROSCH PARK,76
Metadata,72ND STREET SUBWAY STATION (IRT),210
Metadata,GIUSEPPE VERDI MONUMENT,227
Metadata,LINCOLN CENTER FOR THE PERFORMING ARTS,181
Metadata,RUTGERS CHURCH,92
Metadata,THE ANSONIA,58
Metadata,RIVERSIDE LIBRARY,78
Metadata,LINCOLN TOWERS,162
Metadata,METROPOLITAN OPERA HOUSE,91
Metadata,FIORELLO H. LAGUARDIA HIGH SCHOOL,67
Metadata,MARINA,25
Metadata,DRY CLEANING SHOP,116
Metadata,DOG PARK,104
Metadata,ASTOR APARTMENTS,83
Metadata,SHERMAN SQUARE,171
Metadata,WEST END COLLEGIATE CHURCH,45
Metadata,TUMI,84
Metadata,LUSH,72
Metadata,MARSHALLS,132
Metadata,TOY SHOP,29
Metadata,5 MANHATTAN WEST,52
Metadata,HOTEL PENNSYLVANIA,121
Metadata,ONE PENN PLAZA,64
Metadata,MADISON SQUARE GARDEN,203
Metadata,KOREATOWN,133
Metadata,JAMES A. FARLEY BUILDING,244
Metadata,BRIDGE,481
Metadata,GAS STATION,149
Metadata,WHOLE FOODS MARKET,216
Metadata,UNIQLO,63
Metadata,NIGHTCLUB,626
Metadata,1095 AVENUE OF THE AMERICAS,100
Metadata,ONASSIS HIGH SCHOOL,38
Metadata,BANK OF AMERICA TOWER,77
Metadata,4 GARDENS,112
Metadata,FIVE FOUNTAINS,52
Metadata,4 FOUNTAINS,19
Metadata,HISTORIC MEMORIAL,725
Metadata,STONEWALL INN,96
Metadata,STONEWALLL INN STATE HISTORIC SITE,91
Metadata,BLUE HILL,36
Metadata,ST. JOHN’S CHURCH,190
Metadata,GREENWICH VILLAGE,199
Metadata,THREE FOUNTAINS,27
Metadata,PUBLIC THEATER,198
Metadata,NEW YORK THEATRE WORKSHOP,156
Metadata,THE UKRAINIAN MUSEUM,26
Metadata,CHURCH OF THE MOST HOLY REDEEMER,239
Metadata,BEACON THEATER,53
Metadata,DANIEL WEBSTER,29
Metadata,THE LAKE,167
Metadata,FIRST BAPTIST CHURCH,22
Metadata,HOTEL BEACON,48
Metadata,APTHORP APARTMENTS,34
Metadata,GOODWILL,110
Metadata,DSW,47
Metadata,10 SULLIVAN,212
Metadata,VESUVIO PLAYGROUND,115
Metadata,POLICE STATION,258
Metadata,STATIONERY SHOP,34
Metadata,DELI SHOP,169
Metadata,ESTATE AGENT SHOP,8
Metadata,ALCOHOL SHOP,253
Metadata,CLOTHES SHOP,373
Metadata,CHARITY SHOP,23
Metadata,LIBERTY PARK,125
Metadata,VERIZON BUILDING,51
Metadata,THE MYSTERIOUS BOOKSHOP,112
Metadata,TRAIN STATION,131
Metadata,4 BENCHES,164
Metadata,NEW YORK MARBLE CEMETERY,175
Metadata,VESELKA,140
Metadata,ORPHEUM THEATRE,85
Metadata,CHURCH OF THE NATIVITY,139
Metadata,BOWERY BALLROOM,302
Metadata,OTTENDORFER LIBRARY,143
Metadata,3 JEWELRY SHOPS,55
Metadata,THREE JEWELRY SHOPS,66
Metadata,NUDIE JEANS CO.,50
Metadata,TWO JEWELRY SHOPS,105
Metadata,BARCLAY TOWER,102
Metadata,SUN BUILDING,110
Metadata,TRINITY CHURCHYARD,98
Metadata,MARINE MIDLAND BUILDING,99
Metadata,EQUITABLE BUILDING,83
Metadata,NEW YORK COUNTY LAWYERS ASSOCIATION,67
Metadata,TOWER 270,128
Metadata,SEVEN BENCHES,14
Metadata,VERIZON,64
Metadata,BAR,945
Metadata,5 BENCHES,78
Metadata,HISTORIC AIRCRAFT,14
Metadata,JACOB K. JAVITS CONVENTION CENTER,25
Metadata,SPACE SHUTTLE ENTERPRISE,10
Metadata,CONCORDE,6
Metadata,CIRCLE LINE,16
Metadata,PUBLIC BOOKCASE,91
Metadata,VENDING MACHINE,180
Metadata,LOMBARDI'S PIZZA,158
Metadata,DESALVIO PLAYGROUND,229
Metadata,LOWER EAST SIDE TENEMENT MUSEUM,222
Metadata,THREE SCHOOLS,21
Metadata,OPTICIAN SHOP,162
Metadata,TRADER JOE'S,360
Metadata,TARGET,300
Metadata,PORT AUTHORITY BUS TERMINAL,161
Metadata,WESTSIDE THEATRE,101
Metadata,THE ORION,134
Metadata,CROWNE PLAZA,123
Metadata,HILTON GARDEN INN,285
Metadata,HAMPTON,288
Metadata,THE FOOD EMPORIUM,80
Metadata,COMFORT INN,60
Metadata,GIFT SHOP,142
Metadata,CALYON BUILDING,80
Metadata,LE BERNARDIN,38
Metadata,FRIAR'S CLUB,46
Metadata,53W53,39
Metadata,HOTEL 57,102
Metadata,PALEY PARK,49
Metadata,SAINT THOMAS EPISCOPAL CHURCH,40
Metadata,DEPARTMENT STORE SHOP,94
Metadata,THE HOME DEPOT,71
Metadata,"EGGERSMANN, MIELE, GAGGANAU, WOLF, SUB-ZERO, THE GALLEY",40
Metadata,CLARKS,46
Metadata,BLOOMINGDALE'S,93
Metadata,PETER COOPER VILLAGE,446
Metadata,PICNIC SITE,50
Metadata,SHELTER,221
Metadata,9 PARKING SPACES,40
Metadata,SIX PARKING SPACES,35
Metadata,28 LIBERTY,106
Metadata,ONE LIBERTY PLAZA,136
Metadata,GREENWICH CLUB RESIDENCES,103
Metadata,TRINITY CHURCH,72
Metadata,ADAMS EXPRESS BUILDING,169
Metadata,AMERICAN SURETY BUILDING,70
Metadata,HOSPITAL,311
Metadata,2 BICYCLE PARKINGS,198
Metadata,CRUNCH FITNESS,210
Metadata,RADISSON,47
Metadata,STAPLES,133
Metadata,ANTHOLOGY FILM ARCHIVES,150
Metadata,PUCK BUILDING,262
Metadata,CITI BIKE,150
Metadata,SYNAGOGUE,281
Metadata,BUFFALO EXCHANGE,157
Metadata,LAUNDRY SHOP,90
Metadata,CHINATOWN,356
Metadata,NEW MUSEUM OF CONTEMPORARY ART,137
Metadata,FIRE_STATION,17
Metadata,SWATCH,52
Metadata,GAMESTOP,90
Metadata,FOOT LOCKER,156
Metadata,ST. JOSEPH'S CHURCH,99
Metadata,ELMER HOLMES BOBST LIBRARY,105
Metadata,ALEXANDER LYMAN HOLLEY,130
Metadata,JULIUS,55
Metadata,RICKY'S NYC,215
Metadata,STUDIO,173
Metadata,NEW YORK COCOA EXCHANGE BUILDING,168
Metadata,1 WILLIAM STREET,156
Metadata,2 BROADWAY,141
Metadata,20 EXCHANGE PLACE,161
Metadata,55 WATER STREET,58
Metadata,BOWLING GREEN BUILDING,177
Metadata,CUNARD BUILDING,114
Metadata,26 BROADWAY,101
Metadata,CHARGING BULL,114
Metadata,FERRY TERMINAL,134
Metadata,HOLIDAY INN EXPRESS,105
Metadata,THREE BENCHES,303
Metadata,AC HOTEL,30
Metadata,BLOCK ADVISORS,60
Metadata,GOLDMAN SACHS TOWER,61
Metadata,IRISH HUNGER MEMORIAL,41
Metadata,300 VESEY STREET,46
Metadata,TEARDROP PARK,35
Metadata,WASHINGTON MARKET PARK,89
Metadata,ST. ANTHONY OF PADUA CHURCH,93
Metadata,PUBLIC BUILDING,74
Metadata,THREE BICYCLE PARKINGS,29
Metadata,LEATHER SHOP,10
Metadata,FIRST HUNGARIAN REFORMED CHURCH,42
Metadata,NIKE,58
Metadata,JANIE & JACK,25
Metadata,LULULEMON,228
Metadata,THE GATEWAY SCHOOL,39
Metadata,THE EMPIRE HOTEL,140
Metadata,DAVID H. KOCH THEATER,53
Metadata,FIVE BENCHES,95
Metadata,FOUR BENCHES,177
Metadata,MALL,281
Metadata,WEST ELM,48
Metadata,UNDER ARMOUR,37
Metadata,ST. NICHOLAS GREEK ORTHODOX CHURCH,106
Metadata,MUSEUM OF AMERICAN FINANCE,65
Metadata,FEDERAL HALL NATIONAL MEMORIAL,33
Metadata,BANK OF NEW YORK BUILDING,77
Metadata,40 WALL STREET,71
Metadata,125 GREENWICH STREET,84
Metadata,60 WALL STREET,143
Metadata,THE NEW YORKER,162
Metadata,B&H PHOTO VIDEO,109
Metadata,PENN STATION - MOYNIHAN TRAIN HALL,148
Metadata,BUS STATION,246
Metadata,TWO HOTELS,43
Metadata,TRAVEL AGENCY SHOP,86
Metadata,LA QUINTA INN & SUITES,18
Metadata,HOLIDAY INN,123
Metadata,FOUR POINTS BY SHERATON,57
Metadata,BROOKS ATKINSON THEATRE,59
Metadata,MACY'S,531
Metadata,PLAYSTATION THEATER,73
Metadata,GEORGE M. COHAN,99
Metadata,4 TIMES SQUARE,75
Metadata,ST. LUKE'S CHURCH,57
Metadata,RICHARD RODGERS THEATRE,17
Metadata,TIMES SQUARE,117
Metadata,DUFFY SQUARE,106
Metadata,IMPERIAL THEATER,24
Metadata,2 HOTELS,43
Metadata,JOURNEYS,12
Metadata,H MART,69
Metadata,HYATT,120
Metadata,NYU STERN SCHOOL OF BUSINESS,106
Metadata,PHOTO SHOP,11
Metadata,JOE'S PIZZA,132
Metadata,LITTLE RED SCHOOL HOUSE & ELISABETH IRWIN HIGH SCHOOL,133
Metadata,DIESEL,33
Metadata,CANADA GOOSE,87
Metadata,APPLE STORE,152
Metadata,DIOR,23
Metadata,KATE SPADE NEW YORK,63
Metadata,FREE PEOPLE,67
Metadata,BAKERY SHOP,225
Metadata,BROADWAY-CHAMBERS BUILDING,94
Metadata,JAVITS FEDERAL BUILDING,163
Metadata,8 SPRUCE STREET,73
Metadata,POTTER BUILDING,123
Metadata,MORSE BUILDING,91
Metadata,NEW YORK TIMES BUILDING,96
Metadata,ALOFT,19
Metadata,THOMPSON HOTELS,26
Metadata,GODIVA CHOCOLATIER,71
Metadata,UNICEF HOUSE,42
Metadata,RALPH BUNCHE PARK,39
Metadata,SPHERE WITHIN SPHERE,47
Metadata,SIX BENCHES,55
Metadata,PETSMART,56
Metadata,CHURCH OF SAINT FRANCIS XAVIER,252
Metadata,JACKSON SQUARE PARK,272
Metadata,THE NEW YORK FOUNDLING,304
Metadata,BOOKS SHOP,265
Metadata,TWO CLINICS,85
Metadata,BICYCLE REPAIR STATION,142
Metadata,EUROPEAN WAX CENTER,220
Metadata,KOHLER,9
Metadata,LOVESAC,6
Metadata,RESTORATION HARDWARE,8
Metadata,2 DOCTOR'S OFFICES,32
Metadata,3 PARK AVENUE,287
Metadata,EMPIRE STATE BUILDING,190
Metadata,CUNY GRADUATE SCHOOL AND UNIVERSITY CENTER,323
Metadata,THE KNICKERBOCKER HOTEL,92
Metadata,GOLDA MEIR,156
Metadata,NICE ACTIMIZE,185
Metadata,BED BATH & BEYOND,154
Metadata,2 DENTIST'S OFFICES,31
Metadata,CAR SHARING,233
Metadata,D'AGOSTINO,158
Metadata,WASTE BASKET,205
Metadata,ROSSMANN REPAIR GROUP,104
Metadata,CHURCH OF ST. JOHN THE BAPTIST,287
Metadata,VAPENY,123
Metadata,PARIS BAGUETTE,135
Metadata,MUSEUM OF SEX,183
Metadata,CHURCH OF THE TRANSFIGURATION,499
Metadata,HOTEL WOLCOTT,195
Metadata,MARBLE COLLEGIATE CHURCH,157
Metadata,UNION SQUARE GREEN MARKET,180
Metadata,MADISON SQUARE FOUNTAIN,148
Metadata,MADISON SQUARE PARK,334
Metadata,WILLIAM HENRY SEWARD MONUMENT,279
Metadata,FRESH,18
Metadata,REEBOK,42
Metadata,PETCO,53
Metadata,WINSTON CHURCHILL SQUARE,147
Metadata,JEKYLL AND HYDE CLUB,114
Metadata,OUR LADY OF POMPEII CHURCH,129
Metadata,BICYCLE_PARKING,146
Metadata,MCKINSEY & COMPANY NEW YORK EXPERIENCE STUDIO,4
Metadata,OLD CHELSEA STATION USPS,19
Metadata,NEW YORK CITY MUSEUM SCHOOL,15
Metadata,ADORAMA,10
Metadata,WINSTON PREPARATORY SCHOOL,9
Metadata,JOYCE THEATRE,19
Metadata,PARKING,23
Metadata,ANTHROPOLOGIE,109
Metadata,TREK,206
Metadata,FOOD COURT,63
Metadata,AUGUST WILSON THEATRE,55
Metadata,CHURCH OF SAINT PAUL THE APOSTLE,73
Metadata,GERSHWIN THEATRE,60
Metadata,STUDIO 54,61
Metadata,ARO,78
Metadata,HEARST TOWER,108
Metadata,JEAN-GEORGES,102
Metadata,PER SE,103
Metadata,BROOKLYN FARE,37
Metadata,SOULCYCLE,119
Metadata,DRIVING SCHOOL,19
Metadata,FLORIST SHOP,60
Metadata,UNION SQUARE PARK,352
Metadata,GRAMERCY TAVERN,134
Metadata,METROPOLITAN LIFE NORTH BUILDING,160
Metadata,ROSE HILL,143
Metadata,FOTOGRAFISKA,118
Metadata,MARQUIS DE LAFAYETTE,194
Metadata,LINCOLN BUILDING,236
Metadata,METROPOLITAN LIFE INSURANCE COMPANY TOWER,186
Metadata,NEW YORK FILM ACADEMY,122
Metadata,METRONOME,300
Metadata,MATTRESS FIRM,125
Metadata,THREE DENTIST'S OFFICES,42
Metadata,LACOSTE,68
Metadata,TRUE VALUE,300
Metadata,JENNY CRAIG,59
Metadata,THE COOPER UNION,186
Metadata,SAINT MARK'S IN-THE-BOWERY,192
Metadata,ALAMO,207
Metadata,EAST VILLAGE,207
Metadata,VILLAGE EAST CINEMA,145
Metadata,NEW YORK EYE AND EAR INFIRMARY OF MOUNT SINAI,212
Metadata,SEVEN PARKING SPACES,48
Metadata,FITNESS CENTRE,80
Metadata,122 EAST 23RD STREET,81
Metadata,BROOKS BROTHERS,41
Metadata,TOMPKINS SQUARE PARK,415
Metadata,PERFORMANCE SPACE 122,221
Metadata,ST. NICHOLAS OF MYRA ORTHODOX CHURCH,204
Metadata,BOOST MOBILE,48
Metadata,POSTAL RELAY BOX,20
Metadata,EMPIRE DINER,62
Metadata,DRINKING_WATER,11
Metadata,2 PLAYGROUNDS,77
Metadata,CHEF'S TABLE AT BROOKLYN FARE,35
Metadata,MARRIOTT,96
Metadata,QUALITY INN,25
Metadata,COLUMBUS LIBRARY,52
Metadata,HIGH SCHOOL OF GRAPHIC COMMUNICATION ARTS,129
Metadata,ALVIN AILEY AMERICAN DANCE THEATER,119
Metadata,COLE HAAN,52
Metadata,599 LEXINGTON AVENUE,36
Metadata,919 THIRD AVENUE,112
Metadata,FOUR SEASONS,48
Metadata,CITIGROUP CENTER,115
Metadata,252 EAST 57TH STREET,182
Metadata,P.J. CLARKE’S,113
Metadata,SEAGRAM BUILDING,93
Metadata,399 PARK AVENUE,68
Metadata,TJ MAXX,120
Metadata,STRIPCLUB,86
Metadata,STORAGE RENTAL SHOP,11
Metadata,MOST PRECIOUS BLOOD CHURCH,401
Metadata,G-STAR RAW,75
Metadata,MINSKOFF THEATRE,83
Metadata,THE HOTEL EDISON NYC,25
Metadata,1501 BROADWAY,122
Metadata,GRAND CENTRAL TERMINAL,126
Metadata,FRANCIS P. DUFFY,81
Metadata,1500 BROADWAY,97
Metadata,CHRYSLER BUILDING,59
Metadata,LUNT-FONTANNE THEATRE,55
Metadata,STEPHEN SONDHEIM THEATRE,28
Metadata,PLAYGROUND,251
Metadata,ECONO LODGE,50
Metadata,TOWNEPLACE SUITES,31
Metadata,NEW AMSTERDAM LIBRARY,66
Metadata,HOME LIFE BUILDING,84
Metadata,LEVI'S,106
Metadata,PUBLIC BATH,6
Metadata,DOJO,68
Metadata,MET LIFE TOWER,101
Metadata,ZECKENDORF TOWERS,241
Metadata,ELEVEN MADISON PARK,94
Metadata,TWO DOCTOR'S OFFICES,26
Metadata,THE JAMES HOTELS,100
Metadata,NYC HEALTH & NUTRITION,30
Metadata,RITUALS,66
Metadata,CALVARY CHURCH,112
Metadata,NEW YORK LIFE BUILDING,176
Metadata,69TH REGIMENT ARMORY,181
Metadata,PARTY CITY,39
Metadata,FOOTACTION,47
Metadata,TWO UNIVERSITIES,33
Metadata,KIPS BAY LIBRARY,367
Metadata,ROCKEFELLER FOUNDATION,81
Metadata,400 FIFTH AVENUE,141
Metadata,SPRINGHILL SUITES,59
Metadata,SQUARE,283
Metadata,HYATT CENTRIC,42
Metadata,MID-MANHATTAN LIBRARY,174
Metadata,LEFCOURT COLONIAL BUILDING,110
Metadata,STELLA AND CHARLES GUTTMAN COMMUNITY COLLEGE,104
Metadata,AMERICAN STANDARD BUILDING,141
Metadata,FOUR GARDENS,130
Metadata,SEVEN FOUNTAINS,25
Metadata,6 FOUNTAINS,28
Metadata,WALLACE BUILDING,38
Metadata,WASHINGTON STREET PLAZA,19
Metadata,CHURCH OF OUR LADY OF VICTORY,46
Metadata,THE LIBERTY TOWER,60
Metadata,4 WORLD TRADE CENTER,113
Metadata,FEDERAL RESERVE BANK OF NEW YORK,90
Metadata,ZUCCOTTI PARK,100
Metadata,POST_OFFICE,43
Metadata,GUESS,54
Metadata,TIFFANY & COMPANY,143
Metadata,RUBIN MUSEUM OF ART,250
Metadata,111 EIGHTH AVENUE,398
Metadata,HYATT HOUSE,34
Metadata,FAIRFIELD INN,113
Metadata,TWO BICYCLE PARKINGS,160
Metadata,2 FLORIST SHOPS,31
Metadata,33 THOMAS STREET,124
Metadata,COURTHOUSE,69
Metadata,MILLENNIUM POINT,167
Metadata,CASTLE CLINTON,120
Metadata,SKYSCRAPER MUSEUM,87
Metadata,BAY,80
Metadata,JEWELRY SHOP,103
Metadata,HICKSON W FIELD BUILDING,68
Metadata,SOUTH STREET SEAPORT,72
Metadata,ALFRED E. SMITH HOUSES,215
Metadata,ST. JAMES CHURCH,169
Metadata,WAVERTREE,59
Metadata,4 JEWELRY SHOPS,7
Metadata,NAIL SALON,27
Metadata,NEDERLANDER THEATRE,89
Metadata,CUNY GRADUATE SCHOOL OF JOURNALISM,26
Metadata,ELEMENT,3
Metadata,THE HIGH LINE,375
Metadata,NYC LGBT COMMUNITY CENTER,333
Metadata,STRIP HOUSE,86
Metadata,WHITNEY MUSEUM OF AMERICAN ART,69
Metadata,BENJAMIN N. CARDOZO SCHOOL OF LAW,139
Metadata,ZUMIEZ,39
Metadata,WCBS-FM (NEW YORK),82
Metadata,SUNGLASS HUT,103
Metadata,COURTYARD,178
Metadata,RENAISSANCE,39
Metadata,KAY JEWELERS,10
Metadata,DR. MARTENS,42
Metadata,ST. REGIS,42
Metadata,COHEN'S FASHION OPTICAL,124
Metadata,SONY,11
Metadata,67TH STREET LIBRARY,26
Metadata,TWO FAST FOOD RESTAURANTS,112
Metadata,"5 IN 1, 1973-74",17
Metadata,DANIEL PATRICK MOYNIHAN UNITED STATES COURTHOUSE,138
Metadata,BROOKLYN BRIDGE,50
Metadata,THURGOOD MARSHALL UNITED STATES COURTHOUSE,128
Metadata,1 POLICE PLAZA,103
Metadata,METROPOLITAN CORRECTIONAL CENTER,66
Metadata,CAMPER,80
Metadata,LANGUAGE SCHOOL,52
Metadata,YONAH SHIMMEL KNISH BAKERY,250
Metadata,PERETZ SQUARE,405
Metadata,SELF EDGE,124
Metadata,SOCIAL CENTRE,49
Metadata,SOCIAL FACILITY,118
Metadata,APPLIANCE SHOP,5
Metadata,ANTIQUES SHOP,8
Metadata,WEST SIDE JEWISH CENTER,49
Metadata,CANDLEWOOD SUITES,15
Metadata,200 LIBERTY STREET,163
Metadata,MUSEUM OF JEWISH HERITAGE,98
Metadata,KALUSTYAN'S,236
Metadata,IMMACULATE CONCEPTION CHURCH,391
Metadata,GREY ART GALLERY,137
Metadata,LOWER EAST SIDE PLAYGROUND,251
Metadata,BROWN BUILDING,117
Metadata,METRO BY T-MOBILE,76
Metadata,SALLY BEAUTY SUPPLY,74
Metadata,TIME LANDSCAPE,124
Metadata,UNIVERSITY VILLAGE,106
Metadata,HUDSON PARK LIBRARY,116
Metadata,THE GEM HOTEL,78
Metadata,ST. SAVA SERBIAN ORTHODOX CHURCH,144
Metadata,CATHEDRAL OF ST. SAVA,103
Metadata,THE NOMAD,153
Metadata,FLATIRON BUILDING,278
Metadata,NOMAD,149
Metadata,CENTER FOR JEWISH HISTORY,32
Metadata,RIZZOLI,127
Metadata,KIMPTON,20
Metadata,AOL INC,96
Metadata,3 UNIVERSITIES,4
Metadata,2 CLINICS,80
Metadata,4 DOCTOR'S OFFICES,11
Metadata,BATH & BODY WORKS,52
Metadata,AMERICAN MUSEUM OF NATURAL HISTORY,112
Metadata,SHAKESPEARE GARDEN,25
Metadata,NEW-YORK HISTORICAL SOCIETY,68
Metadata,THE VITAMIN SHOPPE,331
Metadata,THE NORTH FACE,73
Metadata,MASA,84
Metadata,USS MAINE MONUMENT,61
Metadata,CENTRAL PARK ZOO,90
Metadata,COLUMBUS CIRCLE,143
Metadata,TRUMP INTERNATIONAL HOTEL AND TOWER,117
Metadata,WOLLMAN RINK,30
Metadata,MANDARIN ORIENTAL,40
Metadata,CHANEL,68
Metadata,GIORGIO ARMANI,27
Metadata,KIEHL'S,140
Metadata,BENJAMIN MOORE,26
Metadata,JOSÉ DE SAN MARTÍN,45
Metadata,DANTE PARK,135
Metadata,JW MARRIOTT ESSEX HOUSE,54
Metadata,220 CENTRAL PARK SOUTH,54
Metadata,TRUMP PARC CONDOMINIUM,62
Metadata,THE RITZ-CARLTON,117
Metadata,STARBUCKS,47
Metadata,BANANA REPUBLIC,45
Metadata,RAYMOUR & FLANIGAN,42
Metadata,J.JILL,16
Metadata,ZARA,124
Metadata,THE PENINSULA NEW YORK,53
Metadata,TOWER 49,67
Metadata,PARIS THEATRE,74
Metadata,SHERRY NETHERLANDS,94
Metadata,500 FIFTH AVENUE,140
Metadata,CHARLES SCRIBNER'S SONS BUILDING,52
Metadata,FRED F. FRENCH BUILDING,114
Metadata,LA MAISON FRANÇAISE,55
Metadata,TRUMP TOWER,53
Metadata,INTERNATIONAL BUILDING,53
Metadata,WOOD,50
Metadata,SALVATORE FERRAGAMO,8
Metadata,HAROLD PRATT HOUSE AND PETERSON HALL,76
Metadata,AQUAVIT,52
Metadata,550 MADISON AVENUE,48
Metadata,HAMMACHER SCHLEMMER,87
Metadata,CBS STUDIO BUILDING,54
Metadata,FOUR SEASONS HOTEL,74
Metadata,58TH STREET LIBRARY,56
Metadata,590 MADISON AVENUE,43
Metadata,BLOOMBERG TOWER,87
Metadata,TREE,51
Metadata,CHURCH OF THE SACRED HEART OF JESUS,28
Metadata,JW MARRIOTT,66
Metadata,3 RESTAURANTS,9
Metadata,GAP,190
Metadata,LE MÉRIDIEN,21
Metadata,HOLLAND PLAZA BUILDING,141
Metadata,RUSS & DAUGHTERS,179
Metadata,KATZ'S DELICATESSEN,121
Metadata,WILLIAM E. PASSANNANTE BALLFIELD,4
Metadata,CHERRY LANE THEATER,8
Metadata,WHITEHORSE TAVERN,19
Metadata,GREENWICH HOUSE MUSIC SCHOOL,6
Metadata,CHUMLEY'S,8
Metadata,YES,11
Metadata,TWO PLAYGROUNDS,87
Metadata,PASTRY SHOP,55
Metadata,YORK PREPARATORY SCHOOL,24
Metadata,"SECOND CHURCH OF CHRIST, SCIENTIST",63
Metadata,CONSERVATORY WATER,76
Metadata,BETHESDA FOUNTAIN,39
Metadata,CONGREGATION SHERITH ISRAEL,37
Metadata,COREPOWER YOGA,29
Metadata,CLUB MONACO,41
Metadata,CENTRAL SYNAGOGUE,66
Metadata,UNLEASHED,25
Metadata,TAXI STAND,26
Metadata,MASSAGE SHOP,41
Metadata,NINTENDO NEW YORK,27
Metadata,GE BUILDING,46
Metadata,WALTER KERR THEATRE,11
Metadata,SAINTS KYRIL & METODI CATHEDRAL,43
Metadata,ONE WORLDWIDE PLAZA,63
Metadata,EXXON BUILDING,40
Metadata,EUGENE O'NEILL THEATRE,14
Metadata,HISTORIC SHIP,125
Metadata,LEXUS,12
Metadata,BENTLEY,12
Metadata,TOYOTA,10
Metadata,JEEP;DODGE;RAM;CHRYSLER,20
Metadata,CBS BUILDING,48
Metadata,PALEY CENTER FOR MEDIA,26
Metadata,SHERATON NEW YORK TIMES SQUARE HOTEL,46
Metadata,MOMA,29
Metadata,WINTER GARDEN THEATRE,97
Metadata,SAKS OFF 5TH,34
Metadata,AMERICAN FOLK ART MUSEUM,134
Metadata,POTTERY BARN,100
Metadata,KIOSK SHOP,83
Metadata,CALVARY BAPTIST CHURCH,40
Metadata,CARNEGIE HALL,43
Metadata,ALWYN COURT,44
Metadata,J.CREW,38
Metadata,LITTLE ITALY,98
Metadata,ODD FELLOWS HALL,126
Metadata,TWO GIFT SHOPS,11
Metadata,TOPMAN,34
Metadata,VANS,116
Metadata,SUNY STATE COLLEGE OF OPTOMETRY,72
Metadata,WILLIAM EARLE DODGE,48
Metadata,NEW YORK PUBLIC LIBRARY,134
Metadata,ONE VANDERBILT,157
Metadata,CROTON RESERVOIR,50
Metadata,9 VENDING MACHINES,26
Metadata,GRAND HYATT,105
Metadata,SEVEN ATMS,25
Metadata,6 ATMS,23
Metadata,BARNES & NOBLE,109
Metadata,FIVE BELOW,17
Metadata,225 LIBERTY STREET,65
Metadata,HISTORIC FORT,167
Metadata,MURRY BERGTRAUM HIGH SCHOOL,137
Metadata,TWELVE BENCHES,4
Metadata,RETRO FITNESS,68
Metadata,THE REDBURY NEW YORK,168
Metadata,H&R BLOCK,80
Metadata,SHERWIN-WILLIAMS,45
Metadata,THE MEATBALL SHOP,215
Metadata,NEW YORK CITY MARBLE CEMETERY,225
Metadata,2 CLOTHES SHOPS,47
Metadata,NSA FAIRVIEW DATA SURVEILLANCE HUB,81
Metadata,MERCEDES-BENZ,11
Metadata,TRAVELS WITH MICHAEL,14
Metadata,AUDI,37
Metadata,LA PLAZA CULTURAL,182
Metadata,3 BICYCLE PARKINGS,15
Metadata,CHURCH OF STS. CYRIL & METHODIUS AND ST. RAPHAEL,39
Metadata,605 WEST 42ND STREET,29
Metadata,SILVER TOWERS,24
Metadata,LIFE TIME,14
Metadata,BOAT RENTAL,60
Metadata,CAR WASH,9
Metadata,SUPERDRY,66
Metadata,"SOLDIERS’, SAILORS’, MARINES’, COAST GUARD AND AIRMEN’S CLUB",149
Metadata,MURRAY HILL,168
Metadata,POST_BOX,9
Metadata,WESTIN,119
Metadata,AFFINIA HOTELS,120
Metadata,TRIUMPH OF THE HUMAN SPIRIT,142
Metadata,HOME INSURANCE PLAZA,113
Metadata,19 DUTCH STREET,77
Metadata,JAMES L. WATSON U.S. COURT OF INTERNATIONAL TRADE BUILDING,36
Metadata,STOCK EXCHANGE,137
Metadata,INDOCHINO,52
Metadata,JACOB RIIS HOUSES,110
Metadata,TRACK,14
Metadata,OUTDOOR SHOP,23
Metadata,GRAND HYATT NEW YORK,132
Metadata,MILLENNIUM HILTON ONE UN PLAZA,11
Metadata,BEAUTY SHOP,148
Metadata,PANDORA,11
Metadata,ADMIRAL DAVID GLASGOW FARRAGUT,59
Metadata,CHESTER ALAN ARTHUR,118
Metadata,THE SALVATION ARMY,63
Metadata,COLUMBUS PARK,128
Metadata,JUAN PABLO DUARTE,139
Metadata,JOSÉ GERVASIO ARTIGAS,112
Metadata,FOUR BICYCLE PARKINGS,44
Metadata,JEFFERSON MARKET LIBRARY,212
Metadata,SEE'S CANDIES,45
Metadata,TWO PITCHES,14
Metadata,FRAME SHOP,17
Metadata,PARAMOUNT PLAZA,71
Metadata,GALLAGHERS STEAKHOUSE,77
Metadata,MARIOTT,123
Metadata,MOHANDAS GANDHI,235
Metadata,COOPER POST OFFICE,142
Metadata,GRACE CHURCH,193
Metadata,AMENITY|ICE CREAM,78
Metadata,120 WALL STREET,65
Metadata,HELEN MCALLISTER,35
Metadata,THREE FAST FOOD RESTAURANTS,16
Metadata,TWO FOUNTAINS,49
Metadata,INSOMNIA COOKIES,75
Metadata,ROSCOE CONKLING,94
Metadata,TWO DENTIST'S OFFICES,32
Metadata,J.G. MELON,226
Metadata,FABRIC SHOP,16
Metadata,LOTTE NEW YORK PALACE,22
Metadata,LOOK BUILDING,31
Metadata,TIMES SQUARE BALL,90
Metadata,MIDTOWN,64
Metadata,3 FAST FOOD RESTAURANTS,11
Metadata,MUJI,126
Metadata,PARKING SPACE,109
Metadata,MOUNT SINAI BETH ISRAEL,171
Metadata,FOUR PARKING SPACES,17
Metadata,BATTERY PARK,162
Metadata,BATTERY GARDENS,125
Metadata,1 NEW YORK PLAZA,89
Metadata,NEW YORK VIETNAM VETERANS MEMORIAL,28
Metadata,DOWNTOWN MANHATTAN HELIPORT,29
Metadata,SAINT PAUL'S CHAPEL,89
Metadata,195 BROADWAY,115
Metadata,MILLENIUM HILTON,93
Metadata,7 BENCHES,18
Metadata,FEARLESS GIRL,51
Metadata,SURROGATE'S COURTHOUSE,101
Metadata,CALHOUN SCHOOL,18
Metadata,ALL ANGELS CHURCH,16
Metadata,MAGNET THEATER,207
Metadata,THE GRAND HOTEL,238
Metadata,PITCH,117
Metadata,RECLINING FIGURE,30
Metadata,LINCOLN CENTER THEATER,10
Metadata,DAVID GEFFEN HALL,138
Metadata,NEW YORK PUBLIC LIBRARY FOR THE PERFORMING ARTS,63
Metadata,MOUNT SINAI WEST,115
Metadata,WARBY PARKER,75
Metadata,YORKVILLE LIBRARY,103
Metadata,EAST SIDE COMMUNITY HIGH SCHOOL,103
Metadata,GAY LIBERATION MONUMENT,98
Metadata,C.O. BIGELOW CHEMISTS,193
Metadata,HSBC,53
Metadata,MADISON SQUARE STATION NEW YORK POST OFFICE,143
Metadata,SCHOOL OF VISUAL ARTS,128
Metadata,3 DENTIST'S OFFICES,50
Metadata,ENIGMA.IO,147
Metadata,MEMORIAL,36
Metadata,2 JEWELRY SHOPS,73
Metadata,ST. GEORGE'S CHURCH,120
Metadata,AVAAZ,198
Metadata,ANDREW HEISKELL BRAILLE AND TALKING BOOK LIBRARY,131
Metadata,BARNEYS NEW YORK,62
Metadata,MODELL'S SPORTING GOODS,136
Metadata,THE CONTAINER STORE,30
Metadata,STUYVESANT TOWN,280
Metadata,TOMPKINS SQUARE LIBRARY,173
Metadata,SEPHORA,178
Metadata,299 PARK AVENUE,39
Metadata,TRUMP WORLD TOWER,64
Metadata,THE LEXINGTON,46
Metadata,277 PARK AVENUE,81
Metadata,JP MORGAN CHASE TOWER,51
Metadata,TURKISH HOUSE,58
Metadata,BEEKMAN TOWER,27
Metadata,100 UNITED NATIONS PLAZA TOWER,28
Metadata,6 BENCHES,60
Metadata,HALLMARK,44
Metadata,BANK OF AMERICA,46
Metadata,AMC EMPIRE 25,52
Metadata,WEST SIDE YARD,44
Metadata,CANDLER BUILDING,19
Metadata,30 HUDSON YARDS,70
Metadata,THE NEW YORK TIMES BUILDING,69
Metadata,RADIOSHACK,49
Metadata,888 SEVENTH AVENUE,33
Metadata,CARNEGIE HALL TOWER,42
Metadata,METROPOLITAN TOWER,41
Metadata,CITYSPIRE CENTER,55
Metadata,2 UNIVERSITIES,42
Metadata,HERBALIST SHOP,14
Metadata,BRIGHT HORIZONS EARLY EDUCATION & PRESCHOOL,26
Metadata,ABINGDON SQUARE,213
Metadata,DUNKIN' DONUTS,51
Metadata,AUSTRIAN CULTURAL FORUM,34
Metadata,666 FIFTH AVENUE,58
Metadata,BRITISH EMPIRE BUILDING,54
Metadata,OLYMPIC TOWER,41
Metadata,3 FOUNTAINS,24
Metadata,3 HOTELS,5
Metadata,DAHESH MUSEUM OF ART,48
Metadata,CHARLTON-KING-VANDAM HISTORIC DISTRICT,41
Metadata,H&M,134
Metadata,R.M.WILLIAMS,58
Metadata,DEVICE CHARGING STATION,4
Metadata,NEWS CORP. BUILDING,56
Metadata,LOVE,42
Metadata,LE PARKER MÉRIDIEN,55
Metadata,KPMG,25
Metadata,GUCCI,4
Metadata,MMUSEUMM,20
Metadata,56 LEONARD STREET,124
Metadata,TIMBERLAND,54
Metadata,MADEWELL,62
Metadata,SPORTS SHOP,9
Metadata,TIMES SQUARE CHURCH,84
Metadata,ED SULLIVAN THEATER,65
Metadata,BROADWAY THEATRE,68
Metadata,DEWITT CLINTON PARK,63
Metadata,OGILVY & MATHER,38
Metadata,AIRCRAFT,6
Metadata,NYC VELO,23
Metadata,CVS PHARMACY,124
Metadata,NELSON TOWER,117
Metadata,SEAGLASS CAROUSEL,5
Metadata,11 BENCHES,12
Metadata,HISTORIC MARITIME,45
Metadata,PALACE THEATER,75
Metadata,750 SEVENTH AVENUE,88
Metadata,MORGAN STANLEY BUILDING,90
Metadata,ONE TIMES SQUARE,100
Metadata,MILLAN HOUSE,193
Metadata,TRUMP PALACE CONDOMINIUMS,115
Metadata,CHURCH OF ST. VINCENT FERRER,155
Metadata,DANIEL,56
Metadata,PARK EAST SYNAGOGUE,199
Metadata,ST. VINCENT DE PAUL CHURCH,139
Metadata,HENRY P. DAVISON HOUSE,99
Metadata,WARWICK HOTEL,47
Metadata,TRUMP PARC EAST,54
Metadata,COUNCIL ON FOREIGN RELATIONS,99
Metadata,SOLOW BUILDING,37
Metadata,SHERATON,174
Metadata,PARK HYATT,18
Metadata,RESIDENCE INN,85
Metadata,ARITZIA,35
Metadata,FIRST PRESBYTERIAN CHURCH,82
Metadata,SALMAGUNDI CLUB,73
Metadata,COMEDY CELLAR,50
Metadata,CAFFE REGGIO,48
Metadata,CAMERA SHOP,102
Metadata,THREE CLINICS,42
Metadata,PAPYRUS,30
Metadata,BICYCLE HABITAT,58
Metadata,DAVIDSTEA,47
Metadata,MEN'S WEARHOUSE,60
Metadata,RENT THE RUNWAY,35
Metadata,BERNARD B. JACOBS THEATRE,35
Metadata,JOHN GOLDEN THEATRE,70
Metadata,ST. JAMES THEATRE,57
Metadata,BILTMORE TOWER,58
Metadata,HELEN HAYES THEATRE,17
Metadata,SARDI'S,25
Metadata,TIMES SQUARE THEATER,16
Metadata,WEST 59TH STREET GENERATING STATION,92
Metadata,JOHN JAY COLLEGE OF CRIMINAL JUSTICE,163
Metadata,3 SHELTERS,8
Metadata,HISTORIC CHURCH,60
Metadata,TIMES SQUARE TOWER,114
Metadata,PROMETHEUS,36
Metadata,FIFTH AVENUE PRESBYTERIAN CHURCH,46
Metadata,3 TIMES SQUARE,103
Metadata,WATCHES SHOP,46
Metadata,TRANSPORTATION BUILDING,89
Metadata,5 GARDENS,44
Metadata,COMPRESSED AIR,48
Metadata,HOTEL CARTER,16
Metadata,SALMON TOWER,61
Metadata,LYRIC THEATRE,13
Metadata,7 ATMS,25
Metadata,TWO CLOTHES SHOPS,53
Metadata,INTERNATIONAL MERCANTILE MARINE COMPANY BUILDING,162
Metadata,ELIZABETH H. BERGER PLAZA,114
Metadata,FAIRFIELD INN & SUITES,130
Metadata,INSTITUTE OF AUDIO RESEARCH,159
Metadata,NEW BALANCE,12
Metadata,ADIDAS,72
Metadata,USA SHAOLIN TEMPLE,234
Metadata,PRISON,45
Metadata,NUTRIDRIP,2
Metadata,BOWERY MEAT COMPANY,1
Metadata,2 CAFES,6
Metadata,ANGEL ORENSANZ MUSEUM,1
Metadata,THREE CAFES,1
Metadata,THREE HAIRDRESSER SHOPS,1
Metadata,CAR REPAIR SHOP,11
Metadata,RAY'S CANDY STORE,222
Metadata,SLOCUM DISASTER MEMORIAL,113
Metadata,MAMOUN'S FALAFEL,39
Metadata,CANNABIS SHOP,20
Metadata,5 WORLD TRADE CENTER,102
Metadata,LVMH TOWER,50
Metadata,LENOX HILL STATION POST OFFICE,356
Metadata,FULLER BUILDING,62
Metadata,TRUMP PLAZA APARTMENTS,137
Metadata,BURBERRY,8
Metadata,MICROSOFT STORE,6
Metadata,GROTTA AZZURRA,113
Metadata,MANHATTAN DETENTION COMPLEX,65
Metadata,55 HUDSON YARDS,36
Metadata,3 HUDSON BOULEVARD,38
Metadata,CLASSIC CAR CLUB,15
Metadata,ST. MICHAEL'S CHURCH,109
Metadata,COLONY CLUB,52
Metadata,NEW YORK CITY CENTER,40
Metadata,AVENUE OF THE AMERICAS PLAZA,40
Metadata,THE PLAZA,72
Metadata,ZIEGFELD BALLROOM,10
Metadata,ONE57,57
Metadata,DRY CLEANERS;LAUNDRY SHOP,3
Metadata,MARITIME HOTEL,215
Metadata,CHURCH OF ST. LUKE IN THE FIELDS,136
Metadata,2 PARKS,28
Metadata,CURIO COLLECTION BY HILTON,150
Metadata,DECIEM,38
Metadata,AL HIRSCHFELD THEATRE,82
Metadata,THE ROW HOTEL,59
Metadata,CHURCH OF THE HOLY APOSTLES,85
Metadata,CHELSEA PARK,97
Metadata,1 MANHATTAN WEST,62
Metadata,2 CHURCHES,17
Metadata,ATLANTIC GRILL,35
Metadata,DANTE ALIGHIERI,106
Metadata,VINEYARD VINES,8
Metadata,17 STATE STREET,80
Metadata,ALEXANDER HAMILTON U.S. CUSTOM HOUSE,31
Metadata,MUSIC SHOP,24
Metadata,BURLINGTON COAT FACTORY,49
Metadata,NORDSTROM RACK,56
Metadata,THE SPHERE,91
Metadata,NATIONAL SEPTEMBER 11 MEMORIAL & MUSEUM,118
Metadata,90 WEST STREET,111
Metadata,CENTER FOR NEURAL SCIENCE,120
Metadata,KMART,41
Metadata,PLANET FITNESS,104
Metadata,UKRAINIAN INSTITUTE OF AMERICA,51
Metadata,UPPER EAST SIDE,38
Metadata,TEMPLE ISRAEL,75
Metadata,THE MET BREUER,44
Metadata,THE NEW YORK SOCIETY LIBRARY,51
Metadata,THE CARLYLE,48
Metadata,PAYNE WHITNEY HOUSE,43
Metadata,ART SHOP,37
Metadata,SHOES SHOP,43
Metadata,ORWASHERS,136
Metadata,HIGH SCHOOL OF ART AND DESIGN,85
Metadata,TATTOO SHOP,19
Metadata,UMBERTO’S CLAM HOUSE,114
Metadata,DOWNTOWN COMMUNITY TELEVISION CENTER,211
Metadata,HISTORIC MANOR,84
Metadata,SUPERCUTS,28
Metadata,BOAT_RENTAL,3
Metadata,CAR SHOP,33
Metadata,HOTEL INDIGO,35
Metadata,SHOE REPAIR SHOP,28
Metadata,ARHAUS,35
Metadata,JOSEPHINE SHAW LOWELL FOUNTAIN,83
Metadata,CRYSTAL PALACE,123
Metadata,BRYANT PARK,109
Metadata,ALLEN EDMONDS,55
Metadata,PARSONS THE NEW SCHOOL FOR DESIGN,103
Metadata,TKTS,93
Metadata,NEW AMSTERDAM THEATRE,56
Metadata,FOSSIL,44
Metadata,LIDS,61
Metadata,HERSHEY'S,19
Metadata,TACO MIX,7
Metadata,CITYMD URGENT CARE,7
Metadata,VIDEO SHOP,2
Metadata,NEW YORK STATE SUPREME COURT,146
Metadata,NEW YORK,54
Metadata,NEW YORK CITY HALL,95
Metadata,VIETNAM VETERANS PLAZA,94
Metadata,CHURCH OF OUR SAVIOUR,128
Metadata,ONE GRAND CENTRAL PLACE,167
Metadata,CHURCH OF THE INCARNATION,124
Metadata,7 VENDING MACHINES,8
Metadata,WORLD TRADE CENTER TRANSPORTATION HUB - OCULUS,119
Metadata,HESS TRIANGLE,106
Metadata,2 VACANT SHOPS,30
Metadata,MASERATI,61
Metadata,TOWER,13
Metadata,VILLAGE COMMUNITY BOATHOUSE,18
Metadata,AQUARIUM,11
Metadata,70 PINE STREET,59
Metadata,THE ESPLANADE,14
Metadata,MICROSOFT,16
Metadata,METROPCS,62
Metadata,THE DOMINICK,67
Metadata,COMMUNITY_CENTRE,10
Metadata,2 FOUNTAINS,50
Metadata,KIPS BAY TOWER SOUTH,52
Metadata,VETERAN AFFAIRS NEW YORK HARBOR HEALTHCARE SYSTEM,202
Metadata,NYU LANGONE MEDICAL CENTER,76
Metadata,NYC HEALTH + HOSPITALS/BELLEVUE,62
Metadata,KIPS BAY,44
Metadata,SOLA SALONS,62
Metadata,RUFUS D. SMITH HALL,2
Metadata,RAMEN TAKUMI,1
Metadata,SAINT BRIGID'S CHURCH,180
Metadata,CANAL PARK,14
Metadata,ARLO HOTELS,43
Metadata,NEWSAGENT SHOP,58
Metadata,FURNITURE SHOP,43
Metadata,CHIPOTLE,14
Metadata,DUNKIN',37
Metadata,DUANE READE,69
Metadata,CHASE,26
Metadata,FJÄLLRÄVEN,53
Metadata,HOUSEWARE SHOP,15
Metadata,DRESS BARN,44
Metadata,MADAME TUSSAUDS NEW YORK,16
Metadata,11 TIMES SQUARE,61
Metadata,NEW VICTORY THEATER,50
Metadata,SAMUEL J. FRIEDMAN THEATRE,58
Metadata,810 SEVENTH AVENUE,84
Metadata,VARIETY STORE SHOP,23
Metadata,KINDERGARTEN,72
Metadata,FOLEY SQUARE,125
Metadata,LOUIS J. LEFKOWITZ STATE OFFICE BUILDING,98
Metadata,WALGREENS,35
Metadata,ETHAN ALLEN,13
Metadata,SAINT JOHN'S PARK,70
Metadata,DISTRICT,17
Metadata,TWO PARKING LOTS,13
Metadata,461 FIFTH AVENUE,18
Metadata,UNTUCKIT,2
Metadata,AVEDA,1
Metadata,SLEEP NUMBER,1
Metadata,BONOBOS,2
Metadata,NINE PARKING SPACES,25
Metadata,FIVE PARKING SPACES,23
Metadata,USCGC LILAC,50
Metadata,JING FONG,69
Metadata,388 GREENWICH STREET,100
Metadata,LOUNGER,8
Metadata,MINIATURE GOLF,16
Metadata,GRAYLINE TOURS,75
Metadata,MCGRAW-HILL BUILDING,93
Metadata,ONE MADISON,131
Metadata,HYATT PLACE,19
Metadata,14 TOWERS,37
Metadata,CRATE & BARREL,8
Metadata,"NEW YORK STUDIO SCHOOL OF DRAWING, PAINTING AND SCULPTURE",63
Metadata,CHURCH OF THE ASCENSION,99
Metadata,SWINGERCLUB,17
Metadata,MANHATTAN NEW YORK TEMPLE,105
Metadata,1 LINCOLN PLAZA,139
Metadata,SAMSUNG,32
Metadata,TESLA,36
Metadata,THEODORE ROOSEVELT PARK,28
Metadata,THE COFFEE BEAN & TEA LEAF,18
Metadata,CITI BIKE - 8 AVE & W 31 ST,3
Metadata,CITI BIKE - 8 AVE & W 33 ST,1
Metadata,BICYCLE_RENTAL,2
Metadata,INNISFREE,27
Metadata,IFC CENTER,80
Metadata,3 CLINICS,27
Metadata,SAINT PATRICK'S OLD CATHEDRAL,189
Metadata,ELIZABETH STREET GARDEN,246
Metadata,COS,42
Metadata,CONVERSE,24
Metadata,EMIGRANT INDUSTRIAL SAVINGS BANK BUILDING,34
Metadata,TWEED COURTHOUSE,112
Metadata,DAVID N. DINKINS MANHATTAN MUNICIPAL BUILDING,12
Metadata,WNEW-FM (NEW YORK),1
Metadata,STRAWBERRY,1
Metadata,GAMESTOP THINKGEEK,1
Metadata,WBLS-FM (NEW YORK),1
Metadata,HERALD SQUARE PARK,1
Metadata,JCPENNEY,1
Metadata,VICTORIA'S SECRET,31
Metadata,245 PARK AVENUE,104
Metadata,383 MADISON AVENUE,109
Metadata,TWO PARKS,32
Metadata,MURRAY'S CHEESE,74
Metadata,WASHINGTON SQUARE VILLAGE,69
Metadata,REI,27
Metadata,ST. JEAN BAPTISTE CHURCH,65
Metadata,BIRCH WATHEN LENOX SCHOOL,117
Metadata,WASTE TRANSFER STATION,12
Metadata,FORTUNE TELLER,61
Metadata,BARBIZON 63,136
Metadata,AERIE,71
Metadata,STAYBRIDGE SUITES,17
Metadata,MERCANTILE BUILDING,133
Metadata,SEWARD PARK LIBRARY,177
Metadata,HAMILTON FISH PARK,171
Metadata,CHURCH OF OUR LADY OF SORROWS,76
Metadata,7 PARKING SPACES,32
Metadata,ATLANTIC THEATER,31
Metadata,SAINT PETER'S CHURCH,101
Metadata,GENERAL THEOLOGICAL SEMINARY,8
Metadata,CLASSIC STAGE COMPANY,109
Metadata,STRAND BOOKSTORE,108
Metadata,WEBSTER HALL,82
Metadata,ELEANOR ROOSEVELT HIGH SCHOOL,86
Metadata,JAN HUS CHURCH,169
Metadata,BOHEMIAN NATIONAL HALL,32
Metadata,CATHEDRAL OF THE HOLY TRINITY,26
Metadata,BARUCH HOUSES,83
Metadata,HAMILTON FISH PARK LIBRARY,74
Metadata,WILLIAMSBURG BRIDGE,153
Metadata,GIVE BOX,26
Metadata,BAG SHOP,14
Metadata,TOURO COLLEGE,38
Metadata,10 HUDSON YARDS,44
Metadata,EVENTS_VENUE,3
Metadata,KARAOKE BOX,6
Metadata,44 UNION SQUARE,102
Metadata,FOUR CLINICS,17
Metadata,MMUSEUMM 1,111
Metadata,CONVENIENCE,11
Metadata,ATHLETIC SHOP,1
Metadata,COFFEE SHOP,11
Metadata,CHRIST CHURCH,102
Metadata,TRUMP PARK AVENUE,41
Metadata,SIMÓN BOLÍVAR,39
Metadata,JOSÉ MARTÍ,28
Metadata,HISTORIC THEATRE,48
Metadata,RUTHERFORD PLACE,231
Metadata,2 PARKING SPACES,1
Metadata,CARHARTT WIP,28
Metadata,LENOX HILL HOSPITAL,66
Metadata,BUS_STATION,5
Metadata,2 FAST FOOD RESTAURANTS,106
Metadata,CRAFT SHOP,22
Metadata,BARRYMORE THEATRE,13
Metadata,RHIZOME,99
Metadata,METLIFE BUILDING,195
Metadata,KIPS BAY TOWER NORTH,182
Metadata,ST. VARTAN CATHEDRAL,137
Metadata,ESTONIAN HOUSE,142
Metadata,PERSHING SQUARE BUILDING,141
Metadata,NYPL : BATTERY PARK CITY LIBRARY,19
Metadata,PET SHOP,26
Metadata,JOHANN WOLFGANG VON GOETHE,42
Metadata,GERTRUDE STEIN,44
Metadata,NYU SILVER SCHOOL OF SOCIAL WORK,106
Metadata,AMERICAN EAGLE OUTFITTERS,31
Metadata,2 BANKS,1
Metadata,SOHO,134
Metadata,UNITED COLORS OF BENETTON,25
Metadata,FOURTEEN TOWERS,25
Metadata,CALL IT SPRING,21
Metadata,CHURCH OF THE BLESSED SACRAMENT,106
Metadata,SHEEP MEADOW,56
Metadata,L'OCCITANE,19
Metadata,FASHION ACCESSORIES SHOP,4
Metadata,SHOP,4
Metadata,KOSSAR'S BIALYS,37
Metadata,STRAUS SQUARE,4
Metadata,SEWARD PARK,10
Metadata,BLUE CONDOMINIUM,3
Metadata,REGAL ESSEX 14 & RPX,3
Metadata,9/11 MEMORIAL & MUSEUM,56
Metadata,PSYCHIC SHOP,5
Metadata,VIDEO GAMES SHOP,94
Metadata,JUDGE BUILDING,176
Metadata,MOBILE PHONE SHOP,5
Metadata,TOUS LES JOURS,9
Metadata,CURIO COLLECTION,10
Metadata,BBQ,8
Metadata,MAX MARA,17
Metadata,WILLIAM SHAKESPEARE,19
Metadata,CENTRAL PARK CAROUSEL,36
Metadata,BALTO,28
Metadata,ROBERT BURNS,28
Metadata,UMPIRE ROCK,57
Metadata,DOLCE & GABBANA,25
Metadata,BEST BUY MOBILE,30
Metadata,VIA 57 WEST,18
Metadata,FRIENDS SEMINARY,47
Metadata,COWORKING SPACE,24
Metadata,AUCTION SHOP,20
Metadata,EATALY,6
Metadata,W DOWNTOWN,79
Metadata,8 BENCHES,13
Metadata,18 BENCHES,3
Metadata,BUILDING,15
Metadata,SPECTRUM,58
Metadata,FOUR SEASONS NEW YORK DOWNTOWN HOTEL & RESIDENCES,65
Metadata,HELLS KITCHEN PARK,85
Metadata,JOHN V. LINDSAY EAST RIVER PARK,11
Metadata,TWO HAIRDRESSER SHOPS,23
Metadata,STARRETT-LEHIGH BUILDING,12
Metadata,THE VESSEL,16
Metadata,LIGHTSHIP FRYING PAN,48
Metadata,9/11 TRIBUTE MUSEUM,83
Metadata,DOWNTOWN COMMUNITY HOUSE,68
Metadata,65 BROADWAY,109
Metadata,WIFI;TELEPHONE;DEVICE CHARGING STATION,24
Metadata,TWO FLORIST SHOPS,18
Metadata,BUY BUY BABY,43
Metadata,WILLIAMS-SONOMA,10
Metadata,LENSCRAFTERS,86
Metadata,SHIPPING SHOP,6
Metadata,EIGHT PARKING SPACES,34
Metadata,5 PARKING SPACES,25
Metadata,3 PARKING SPACES,14
Metadata,LONGACRE THEATRE,26
Metadata,HOME GOODS SHOP,5
Metadata,EQUATOR LLC / THE TIMBER GROUP,82
Metadata,CHURCH FOR ALL NATIONS,27
Metadata,FORTUNE_TELLER,2
Metadata,AFRICAN BURIAL GROUND NATIONAL MONUMENT,21
Metadata,TRAIN_STATION,21
Metadata,LIBERTY STREET BRIDGE,127
Metadata,ST. MARY'S CHURCH,156
Metadata,ICE_CREAM,20
Metadata,GRAPHIC DESIGN,28
Metadata,CHOCOLATE SHOP,9
Metadata,ONE WORLD TRADE CENTER,51
Metadata,SOCONY-MOBIL BUILDING,155
Metadata,SMITH & WOLLENSKY,134
Metadata,ORANGETHEORY FITNESS,45
Metadata,WESTGATE RESORTS,38
Metadata,SAINT MALACHY CHURCH,59
Metadata,KEY FOOD,6
Metadata,RIU,2
Metadata,BEVERAGES SHOP,27
Metadata,NIKOLA TESLA,65
Metadata,PERMANENT MISSION OF THE REPUBLIC OF ZAMBIA TO THE UNITED NATIONS,34
Metadata,SAINT PATRICK’S CATHEDRAL,75
Metadata,MONEY_TRANSFER,2
Metadata,SECOND HAND SHOP,13
Metadata,THE ROOSEVELT HOTEL,61
Metadata,NEW YORK SCHOOL OF INTERIOR DESIGN,36
Metadata,WEBSTER LIBRARY,33
Metadata,GRACIE SQUARE HOSPITAL,20
Metadata,BROOKS BROTHERS - RED FLEECE CAFE,1
Metadata,MADURA,1
Metadata,SONOBI,1
Metadata,NEW YORK BURGER CO.,1
Metadata,CITY WINERY NEW YORK,69
Metadata,450 LEXINGTON AVENUE,1
Metadata,FEDEX,1
Metadata,CLUB WYNDHAM MIDTOWN 45,1
Metadata,EVEN HOTELS,54
Metadata,101 PARK AVENUE,232
Metadata,HUDSON THEATRE,26
Metadata,BERTELSMANN BUILDING,82
Metadata,THREE RESTAURANTS,14
Metadata,FIVE GARDENS,33
Metadata,STUYVESANT HIGH SCHOOL,69
Metadata,FASHION INSTITUTE OF TECHNOLOGY,45
Metadata,PETER MCMANUS CAFE,47
Metadata,TWO CHURCHES,11
Metadata,UNITED NATIONS INTERNATIONAL SCHOOL,24
Metadata,CHRISTIAN LOUBOUTIN,23
Metadata,432 PARK AVENUE,63
Metadata,TRADE SHOP,8
Metadata,EXPRESS,52
Metadata,THE PIERRE,93
Metadata,GENERAL MOTORS BUILDING,58
Metadata,GUITAR CENTER,64
Metadata,COPYSHOP SHOP,27
Metadata,HELMSLEY BUILDING,39
Metadata,DXL MEN'S APPAREL,17
Metadata,OLD NAVY,35
Metadata,CRESTWOOD FUNERAL HOME,1
Metadata,TIMES SQUARE BUILDING,25
Metadata,CITI BIKE - W 43 ST & 10 AVE,1
Metadata,NEW YORK MARRIOTT EAST SIDE,28
Metadata,OLD UNION SQUARE,1
Metadata,ABRAHAM LINCOLN,1
Metadata,TESLA SUPERCHARGER,4
Metadata,FOUR RESTAURANTS,21
Metadata,PARTY SHOP,5
Metadata,CHARLES SCHWAB,18
Metadata,THIRTEEN TOWERS,11
Metadata,12 TOWERS,2
Metadata,ELEVEN TOWERS,1
Metadata,MUSIC BOX THEATRE,30
Metadata,TWO THEATRES,3
Metadata,KOSCIUSZKO FOUNDATION,85
Metadata,ASSER LEVY,56
Metadata,BENNETT BUILDING,37
Metadata,DRUMGOOLE PLAZA,63
Metadata,EDWIN BOOTH,91
Metadata,GRAMERCY PARK,68
Metadata,WAREHOUSE,4
Metadata,VINCE.,5
Metadata,BRILL BUILDING,58
Metadata,LEHMAN ART HOUSE,18
Metadata,712 FIFTH AVENUE,54
Metadata,HIGH SCHOOL FOR ENVIRONMENTAL STUDIES,30
Metadata,LOWER EAST SIDE PREPARATORY HIGH SCHOOL,152
Metadata,BUTCHER SHOP,14
Metadata,WINE SHOP,21
Metadata,GENERAL ELECTRIC BUILDING,59
Metadata,GRAYBAR BUILDING,82
Metadata,345 PARK AVENUE,53
Metadata,CASA DE MONTECRISTO,34
Metadata,NORDSTROM,25
Metadata,FOREVER 21,40
Metadata,ROCKEFELLER APARTMENTS,17
Metadata,ARTS_CENTRE,13
Metadata,THE EPIC,78
Metadata,PAINT SHOP,12
Metadata,GRAND ARMY PLAZA,71
Metadata,ZOO,55
Metadata,JIL SANDER,17
Metadata,GRAMERCY THEATRE,53
Metadata,FOUR JEWELRY SHOPS,10
Metadata,SHAKE SHACK,8
Metadata,COSMETICS SHOP,28
Metadata,NEW YORK MARRIOTT MARQUIS,97
Metadata,GERALD SCHOENFELD THEATRE,42
Metadata,20 TIMES SQUARE,48
Metadata,MICHAELS,22
Metadata,WYNDHAM,34
Metadata,15 HUDSON YARDS,11
Metadata,AVENUES,24
Metadata,TWO CAFES,4
Metadata,DENTIST,4
Metadata,AMERICAN AIRLINES THEATER,16
Metadata,CASABLANCA HOTEL,77
Metadata,NATIONAL GEOGRAPHIC ENCOUNTER - OCEAN ODYSSEY,24
Metadata,SIXTY,11
Metadata,AMERICAN EAGLE OUTFITTERS & AERIE,1
Metadata,WEST 31ST STREET/6TH AVENUE,1
Metadata,BHB TRADING,1
Metadata,REIDY WINE & LIQUOR,1
Metadata,HOTEL RIU PLAZA NEW YORK TIMES SQUARE,1
Metadata,CITIBIKE - BROADWAY / W 32 ST / W 33 ST,3
Metadata,CHRISTOPHER COLUMBUS,31
Metadata,TAVERN ON THE GREEN,36
Metadata,HOLY TRINITY LUTHERAN CHURCH,31
Metadata,TWO VACANT SHOPS,30
Metadata,FOUR DOCTOR'S OFFICES,2
Metadata,AMERICA'S RESPONSE MONUMENT,65
Metadata,VILLAGE VANGUARD,79
Metadata,VIADUCT,11
Metadata,HUGO BOSS,35
Metadata,CONFECTIONERY SHOP,32
Metadata,NEW YORK YACHT CLUB,33
Metadata,CASSA HOTEL,87
Metadata,TICKET SHOP,17
Metadata,DISNEY STORE,15
Metadata,ROOM MATE,8
Metadata,FRESH & CO,2
Metadata,HOOPS CABARET AND SPORTS BAR,1
Metadata,NYMA,1
Metadata,HORACE GREELY STATUE,1
Metadata,SEOUL GARDEN,1
Metadata,BB.Q OLIVE CHICKEN,1
Metadata,"34TH STREET - HERALD SQUARE (B,D,F,M,N,Q,R,W)",2
Metadata,LEGO,6
Metadata,GREENACRE PARK,22
Metadata,111 WEST 57TH STREET,35
Metadata,FENDI,13
Metadata,MULBERRY,26
Metadata,6 PARKING SPACES,26
Metadata,SALLY BEAUTY,5
Metadata,TAÏM,81
Metadata,ONE MANHATTAN SQUARE - TOWER,20
Metadata,SIX FOUNTAINS,21
Metadata,4 CLINICS,11
Metadata,CROCS,10
Metadata,2 PITCHES,8
Metadata,200 VESEY STREET,56
Metadata,CHANIN BUILDING,83
Metadata,NINE VENDING MACHINES,18
Metadata,SIX ATMS,11
Metadata,JOHN STREET CHURCH,50
Metadata,VENDING_MACHINE,7
Metadata,LOWER MANHATTAN,2
Metadata,2 KIOSK SHOPS,17
Metadata,CARRIE BRADSHAW'S HOUSE,52
Metadata,FUEL,3
Metadata,JOHN FLUEVOG,44
Metadata,POLO RALPH LAUREN,35
Metadata,BERSHKA,15
Metadata,CHURCH OF SAINT MARY THE VIRGIN,17
Metadata,CORT THEATRE,24
Metadata,2 FABRIC SHOPS,12
Metadata,GERTRUDE RHINELANDER WALDO HOUSE,92
Metadata,ASIA SOCIETY,98
Metadata,FRICK COLLECTION,31
Metadata,TWENTY-TWO BENCHES,8
Metadata,22 BENCHES,8
Metadata,TWENTY BENCHES,5
Metadata,16 BENCHES,4
Metadata,CLOTHING STORE,3
Metadata,FDNY ENGINE 10/LADDER 10,1
Metadata,LENSCRAFTER,1
Metadata,CAFE EXCHANGE,1
Metadata,TRINITY PLACE/RECTOR STREET,1
Metadata,COURTYARD BY MARRIOTT NEW YORK DOWNTOWN MANHATTAN / WORLD TRADE CENTER AREA,1
Metadata,O'HARA'S PUB,1
Metadata,POMODORO PIZZA,1
Metadata,TRYP,30
Metadata,WALDORF-ASTORIA HOTEL,82
Metadata,76 LIQUORS,3
Metadata,NATIONAL DENTAL,3
Metadata,SPICE,3
Metadata,MILLS AND GIBB BUILDING,14
Metadata,UGG,30
Metadata,BURTON,29
Metadata,HOTEL CHELSEA,155
Metadata,HOLY CROSS CHURCH,34
Metadata,AMBASSADOR THEATRE,51
Metadata,ROCKEFELLER UNIVERSITY,50
Metadata,MUSEUM AT ELDRIDGE STREET,386
Metadata,URGENT CARE,13
Metadata,GREENGROCER SHOP,22
Metadata,MUSICAL INSTRUMENT SHOP,10
Metadata,YESHIVA UNIVERSITY MUSEUM,5
Metadata,ELECTRONICS SHOP,24
Metadata,ANIMAL BOARDING,26
Metadata,MONEY TRANSFER,13
Metadata,3 DOCTOR'S OFFICES,21
Metadata,FUNERAL DIRECTORS SHOP,15
Metadata,OAKLEY,13
Metadata,ST. AUGUSTINE'S CHURCH,54
Metadata,HENRY STREET SETTLEMENT,87
Metadata,FERRY_TERMINAL,6
Metadata,THE TOWN HALL,13
Metadata,LOFT,17
Metadata,CITIZENM,8
Metadata,EPIPHANY LIBRARY,23
Metadata,4 RESTAURANTS,18
Metadata,PARKING_SPACE,21
Metadata,RUSSIAN TEA ROOM,24
Metadata,LOUIS VUITTON,20
Metadata,BULGARI,9
Metadata,SAMUEL F. B. MORSE,86
Metadata,PAYMENT TERMINAL,18
Metadata,NEIGHBOURHOOD,3
Metadata,TWENTY-THREE BENCHES,6
Metadata,AMERICAN AIRLINES THEATRE,15
Metadata,WALTER SCOTT,25
Metadata,LUDWIG VAN BEETHOVEN,11
Metadata,EAGLES AND PREY,27
Metadata,VICTOR HERBERT,17
Metadata,WOMEN'S RIGHTS PIONEERS MONUMENT,5
Metadata,107TH INFANTRY MEMORIAL,82
Metadata,DISUSED,7
Metadata,UNITED NATIONS HEADQUARTERS,15
Metadata,NON-VIOLENCE,29
Metadata,3 SCHOOLS,24
Metadata,8 PARKING SPACES,23
Metadata,4 PARKING SPACES,12
Metadata,UNITARIAN CHURCH OF ALL SOULS,61
Metadata,FIDELITY,46
Metadata,RITE AID,36
Metadata,ROYCE',23
Metadata,LOTTERY SHOP,2
Metadata,TOMMY HILFIGER,12
Metadata,SERENDIPITY 3,103
Metadata,THE CORINTHIAN,43
Metadata,SEAFOOD SHOP,12
Metadata,DOWNTOWN YUMMY RESTAURANT,1
Metadata,CHATHAM TOWERS,1
Metadata,HUNGRY GHOST,1
Metadata,TED BAKER,12
Metadata,TOPSHOP,6
Metadata,MICHAEL KORS,6
Metadata,FAMOUS FOOTWEAR,13
Metadata,13 TOWERS,10
Metadata,15 BENCHES,11
Metadata,23 BENCHES,8
Metadata,BIERGARTEN,10
Metadata,HIGH SCHOOL FOR HEALTH PROFESSIONS AND HUMAN SERVICES,40
Metadata,E-BIKE SHOP,3
Metadata,LOCKHEED A-12,18
Metadata,USS GROWLER,13
Metadata,INTREPID MUSEUM,19
Metadata,TRIUMPH HOSPITALITY,1
Metadata,TAILOR SHOP,7
Metadata,CAR_RENTAL,6
Metadata,SWAROVSKI,15
Metadata,SUSHI OF GARI,48
Metadata,ICON PARKING,3
Metadata,BED SHOP,2
Metadata,HOLLISTER,28
Metadata,BLINK,2
Metadata,ST. VERONICA'S CHURCH,118
Metadata,DISUSED:RESTAURANT,10
Metadata,4 BICYCLE PARKINGS,15
Metadata,THREE DOCTOR'S OFFICES,15
Metadata,BOW TIE CHELSEA CINEMAS,30
Metadata,THE GEM HOTEL CHELSEA,28
Metadata,AEROPOSTALE,12
Metadata,2 BARS,28
Metadata,LYCEUM THEATRE,44
Metadata,NYC OFFICE OF CHIEF MEDICAL EXAMINER,51
Metadata,PETLAND DISCOUNTS,17
Metadata,MAILROOM,13
Metadata,SKECHERS,18
Metadata,BOOTH THEATRE,28
Metadata,MAJESTIC THEATRE,57
Metadata,SHUBERT THEATRE,20
Metadata,FILM CENTER,21
Metadata,MATTHEWS-PALMER PLAYGROUND,10
Metadata,HALLO BERLIN,6
Metadata,SEVEN VENDING MACHINES,19
Metadata,TACKLE CART,29
Metadata,PERFUMERY SHOP,21
Metadata,ZALES,15
Metadata,COOPER ELECTRIC,8
Metadata,ROLEX,11
Metadata,FLYING TIGER COPENHAGEN,4
Metadata,DUANE PARK,36
Metadata,SEVEN GARDENS,3
Metadata,PINK,19
Metadata,2 THEATRES,7
Metadata,DR. GERTRUDE B. KELLY PLAYGROUND,1
Metadata,BUNS BAR,1
Metadata,TEMERARION,1
Metadata,MURRAY'S BAGELS,1
Metadata,ST KILDA COFFEE,1
Metadata,MURPHY PARK,31
Metadata,DRY DOCK PLAYGROUND,19
Metadata,PUBLIC SCHOOL 41,14
Metadata,THE JANE,29
Metadata,NOLITA PIZZA,1
Metadata,GOURMET DELI,1
Metadata,CHARM NYC HAT SHOP,1
Metadata,WEST 30TH STREET HELIPORT,19
Metadata,SHIP,11
Metadata,GRAND CENTRAL LIBRARY,39
Metadata,RESEARCH INSTITUTE,31
Metadata,A.P.C.,38
Metadata,LABCORP,45
Metadata,ARC'TERYX,4
Metadata,CROCKETT & JONES,6
Metadata,EIGHT BENCHES,17
Metadata,THE MAJESTIC,72
Metadata,TURTLE POND,15
Metadata,DELACORTE THEATER,11
Metadata,THE LANGHAM,45
Metadata,BELVEDERE CASTLE,14
Metadata,LA QUINTA INN,26
Metadata,CITI BIKE - GRAND STREET / HENRY STREET,34
Metadata,CITI BIKE - CHERRY STREET @ CORLEARS HOOK PARK,8
Metadata,LIGHTING SHOP,12
Metadata,E-CIGARETTE SHOP,15
Metadata,CARPET SHOP,3
Metadata,BEAUTY,3
Metadata,2 HAIRDRESSER SHOPS,23
Metadata,AMC KIPS BAY 15,14
Metadata,INTERNET CAFE,16
Metadata,THEATRE 80,26
Metadata,MUSEUM OF THE AMERICAN GANGSTER,23
Metadata,SUR LA TABLE,22
Metadata,FABRIC,3
Metadata,2 COMMUNITY CENTRES,18
Metadata,CHELSEA PIERS,97
Metadata,WASTE_BASKET,11
Metadata,DOMINO'S,13
Metadata,THE AMERICAN MUSICAL AND DRAMATIC ACADEMY,33
Metadata,THE EXPLORERS CLUB,16
Metadata,USPS,11
Metadata,SIX VENDING MACHINES,4
Metadata,C-TOWN SUPERMARKETS,51
Metadata,SAINT AGNES CHURCH,5
Metadata,THE WESTIN NEW YORK GRAND CENTRAL,13
Metadata,MARIMEKKO,21
Metadata,NINETEEN BENCHES,3
Metadata,BEAUTY THREADING AND WAXING SALON,1
Metadata,PARAMOUNT TOWER,1
Metadata,LILI'S NAIL SALON,2
Metadata,DISUSED:CLOTHES SHOP,5
Metadata,DOG_PARK,1
Metadata,OLIVER PEOPLES,10
Metadata,ABERCROMBIE & FITCH,9
Metadata,HOMEWOOD SUITES,23
Metadata,7TH REGIMENT MEMORIAL,15
Metadata,WOK WOK SOUTHEAST ASIAN KITCHEN,1
Metadata,TASTY HAND PULLED NOODLES,1
Metadata,METRO COMMUNICATIONS CENTER,1
Metadata,YAN LIN FOOT SPA,1
Metadata,HOP KEE,1
Metadata,NOODLE VILLAGE,1
Metadata,CHINESE TUXEDO,1
Metadata,PINKLADY CHEESE TART,1
Metadata,THREE HOTELS,11
Metadata,RUTGERS HOUSES,14
Metadata,BUSH TOWER,19
Metadata,ELLEN'S STARDUST DINNER,66
Metadata,NESPRESSO,19
Metadata,FRENCH CONNECTION,48
Metadata,RELIGION SHOP,5
Metadata,THE DOWNTOWN CLUB,40
Metadata,VARIETY_STORE,3
Metadata,SENIOR HOUSE AT 13TH STREET,1
Metadata,WALKER HOTEL,1
Metadata,THINK COFFEE,1
Metadata,DAINOBU,1
Metadata,THE NEW SCHOOL ARNOLD HALL,19
Metadata,NEW YORK LAUNDROMAT,1
Metadata,WEILL CORNELL MEDICAL COLLEGE,19
Metadata,MOUNT VERNON HOTEL MUSEUM,18
Metadata,VILLAGE VIEW HOUSES,24
Metadata,2 PARKING LOTS,16
Metadata,BOUTIQUE SHOP,6
Metadata,BARD HIGH SCHOOL EARLY COLLEGE,18
Metadata,JEWELRY,2
Metadata,2 GIFT SHOPS,12
Metadata,7 GARDENS,3
Metadata,FOUR PITCHES,2
Metadata,THREE PITCHES,2
Metadata,3 PITCHES,2
Metadata,FLOWER DISTRICT,2
Metadata,6TH & 23RD AV EL 1881,1
Metadata,GREELEY SQUARE,2
Metadata,ELEVEN BICYCLE PARKINGS,1
Metadata,11 BICYCLE PARKINGS,2
Metadata,NBA STORE,24
Metadata,FIVE ATMS,7
Metadata,SHELBURNE HOTEL & SUITES BY AFFINIA,1
Metadata,4 ATMS,1
Metadata,THREE ATMS,1
Metadata,LA COLOMBE COFFEE ROASTERS,24
Metadata,TWO BARS,31
Metadata,DESIGUAL,5
Metadata,BEST WESTERN,10
Metadata,COLLECTOR,3
Metadata,SEVENTEEN BENCHES,3
Metadata,SUBWAY,12
Metadata,MCDONALD'S,17
Metadata,CHELSEA HISTORIC DISTRICT,5
Metadata,ICE CREAM SHOP,2
Metadata,BATTERY PARK CITY,9
Metadata,POLICE,3
Metadata,THE DAKOTA,68
Metadata,10 BENCHES,4
Metadata,CHURCH OF THE GUARDIAN ANGEL,58
Metadata,LAUNDRY,1
Metadata,CHAPEL OF THE SACRED HEARTS OF JESUS & MARY,37
Metadata,THREE SHELTERS,7
Metadata,UNITED STATES POSTAL SERVICE,4
Metadata,JAMES A. FARLEY POST OFFICE,1
Metadata,NYCT EMERGENCY EXIT,2
Metadata,LINK NYC,1
Metadata,HOA CAFE,1
Metadata,MIDTOWN WEST HOTEL,1
Metadata,ROYAL LEARNING INSTITUTE,1
Metadata,LINKNYC,2
Metadata,APPLE BANK,6
Metadata,TD BANK,6
Metadata,PEACHTREE GARDEN,29
Metadata,PINKBERRY,1
Metadata,BLUE VALLEY DELI & GROCERY,2
Metadata,WEST 19TH STREET,3
Metadata,GLUR THAI,1
Metadata,6TH & 14TH ST EL 1881,1
Metadata,ART CENTRE,3
Metadata,NATIONAL MARITIME UNION BUILDING,1
Metadata,PORTICO PLACE,1
Metadata,CITI BIKE - W 13 ST & 5 AVE,1
Metadata,5 ATMS,5
Metadata,CONRAD,5
Metadata,ELEVEN BENCHES,5
Metadata,SHAARAY TEFILA,33
Metadata,BROADHURST THEATRE,18
Metadata,CITY ROOMS,4
Metadata,COFFEE;TEA SHOP,5
Metadata,LOCKSMITH SHOP,16
Metadata,MOTORCYCLE PARKING,3
Metadata,HAIRDRESSER,6
Metadata,H. BRICKMAN & SONS,5
Metadata,TACO BELL,4
Metadata,BARE ROCK,15
Metadata,FDNY RESCUE 1,18
Metadata,HISTORIC CASTLE,14
Metadata,PEAK,13
Metadata,PAWNBROKER SHOP,6
Metadata,GAMES SHOP,5
Metadata,LA PREMIER,1
Metadata,NYCT RAIL CONTROL CENTER,1
Metadata,6 RESTAURANTS,1
Metadata,SUITSUPPLY,4
Metadata,LONGCHAMP,5
Metadata,UNIVERSITY SETTLEMENT HOUSE,28
Metadata,ST. BARTHOLOMEW'S,40
Metadata,THE WALKING COMPANY,12
Metadata,CITI BIKE - WARREN ST & CHURCH ST,1
Metadata,KIMLAU SQUARE,1
Metadata,HAPPY GARDEN PALACE,1
Metadata,2 PUBS,1
Metadata,LEVER HOUSE,43
Metadata,ALLIED UROLOGICAL SERVIES,1
Metadata,BREAD & BUTTER,1
Metadata,KAME RAMEN,1
Metadata,"METROPOLITAN LITHOTRIPTOR ASSOCIATES, PC",1
Metadata,WINDSOR COURT MAIN ENTRANCE,1
Metadata,JACADI,11
Metadata,1 AV/E 42 ST,1
Metadata,NATIONS CAFÉ,1
Metadata,2 ATMS,2
Metadata,WINDOW BLIND SHOP,5
Metadata,NEW YORK CITY FIRE MUSEUM,44
Metadata,GREEN GARDEN BUFFET,1
Metadata,DL CERNEY,1
Metadata,9TH ST. VINTAGE,1
Metadata,53 WEST 53,5
Metadata,THE QUIN,31
Metadata,YOTEL,2
Metadata,TEA SHOP,17
Metadata,ANDAZ,6
Metadata,"42ND STREET - TIMES SQUARE (N,Q,R,W,7,S,1,2,3)",3
Metadata,9 BENCHES,5
Metadata,DOCTORS,4
Metadata,GIUSEPPE MAZZINI,15
Metadata,PIER I CAFE,14
Metadata,EAST MIDTOWN PLAZA,1
Metadata,M&T BANK,1
Metadata,LOADING DOCK,9
Metadata,12 BENCHES,5
Metadata,SWEETGREEN,3
Metadata,DIG,4
Metadata,THE UPS STORE,2
Metadata,THE NEW SCHOOL,41
Metadata,LINDT,11
Metadata,TWO COMMUNITY CENTRES,7
Metadata,H&H MIDTOWN BAGELS EAST,30
Metadata,THE SPOTTED PIG,22
Metadata,COMMUNITY GROCERY & CANDY,1
Metadata,RUSSIAN & TURKISH BATHS,2
Metadata,14TH STREET Y – SPORTS CENTER,1
Metadata,QUICK COIN ONE,1
Metadata,HELLO BANANA VINTAGE,1
Metadata,TATSU RAMEN,1
Metadata,LYCÉE FRANÇAIS DE NEW-YORK,24
Metadata,PIER 57,48
Metadata,PATAGONIA,2
Metadata,SAINT LAURENT,3
Metadata,SERAFINA,1
Metadata,CORNER GOURMET 2,1
Metadata,SP+,1
Metadata,CLOTHES,9
Metadata,RACQUET AND TENNIS CLUB,40
Metadata,MEDICAL SUPPLY SHOP,10
Metadata,SHIRLEY GOODMAN RESOURCE CENTER,4
Metadata,PENN SOUTH,26
Metadata,MEDICAL CENTER,2
Metadata,WALDORF ASTORIA,5
Metadata,33 MAIDEN LANE,1
Metadata,BARBER SPA,1
Metadata,TRIBECA'S KITCHEN,2
Metadata,TICKET,5
Metadata,PAPER SOURCE,26
Metadata,CONGREGATION EZRATH ISRAEL,18
Metadata,MILITARY SURPLUS SHOP,3
Metadata,USS INTREPID,7
Metadata,NUTRITION SUPPLEMENTS SHOP,5
Metadata,HOTEL GANSEVOORT,10
Metadata,PRODUCERS CLUB THEATERS AND BAR,10
Metadata,MCCAFFREY PLAYGROUND,9
Metadata,STUYVESANT COVE PARK,22
Metadata,CITY PIER A,5
Metadata,THE WILD SON,1
Metadata,SPACE 776,1
Metadata,TOP NOTCH LOCKSMITH & SECURITY,1
Metadata,20 BENCHES,5
Metadata,TALENT UNLIMITED HIGH SCHOOL,17
Metadata,MANHATTAN HOUSE,37
Metadata,WHISPER BENCH,4
Metadata,PASTA SHOP,8
Metadata,DAVID ZWIRNER,5
Metadata,COFFEE,2
Metadata,BAKERY,3
Metadata,THE STANDARD,7
Metadata,AMBROSE,16
Metadata,PET GROOMING SHOP,14
Metadata,LOWER EAST SIDE,19
Metadata,LITTLE FLOWER PLAYGROUND,3
Metadata,GOUVERNEUR HEALTH MEDICAL CENTER,5
Metadata,BA&SH,1
Metadata,WEB DESIGN SHOP,4
Metadata,RESERVOIR,3
Metadata,5 VENDING MACHINES,1
Metadata,FOUR VENDING MACHINES,1
Metadata,3 VENDING MACHINES,2
Metadata,13–19 UNIVERSITY PLACE,2
Metadata,SOUTH OF THE CLOUDS,1
Metadata,GASLIGHT LOUNGE,1
Metadata,2 BICYCLE RENTALS,6
Metadata,INTERIOR DECORATION SHOP,2
Metadata,FILA,1
Metadata,THE SAN REMO,9
Metadata,NINE BENCHES,5
Metadata,BATHROOM FURNISHING SHOP,11
Metadata,DISUSED:PUB,4
Metadata,MUSIC_SCHOOL,2
Metadata,BUS STOP CAFE,1
Metadata,PORTER HOUSE,1
Metadata,TAO DOWNTOWN,1
Metadata,STELLA’S PIZZA,1
Metadata,ARTHUR STRICKLER TRIANGLE,2
Metadata,FATBIRD,1
Metadata,GRAN GELATO,1
Metadata,THREE PARKING SPACES,2
Metadata,LE TEA,1
Metadata,INDAY,1
Metadata,FLATIRON HOTEL,1
Metadata,1150 BROADWAY,1
Metadata,TOSHI'S PENTHOUSE,1
Metadata,NATIONAL MUSEUM OF MATHEMATICS,1
Metadata,FORWARD,1
Metadata,ICE RINK,8
Metadata,STEVE MADDEN,20
Metadata,WASTE DISPOSAL,2
Metadata,34TH STREET–HERALD SQUARE,1
Metadata,SCARLATTO,1
Metadata,9 THEATRES,1
Metadata,CITI BIKE - MURRAY ST & WEST ST,14
Metadata,FIFTEEN BENCHES,5
Metadata,PARKING_ENTRANCE,5
Metadata,MIRAMAR,8
Metadata,NINGBO CAFE,8
Metadata,TAXI,1
Metadata,RAMONE APONTE PARK,28
Metadata,CAMBRIA HOTEL,9
Metadata,CALYPSO ST. BARTH,1
Metadata,CITI BIKE - 3RD AVENUE & EAST 72ND STREET,2
Metadata,DELTA HAIR STYLIST,1
Metadata,GREEN CART,1
Metadata,CITIBANK,4
Metadata,ICLEAN,1
Metadata,8 VENDING MACHINES,8
Metadata,SOCIAL_FACILITY,3
Metadata,JOHNSTON & MURPHY,2
Metadata,COMPUTER SHOP,1
Metadata,TWO FABRIC SHOPS,6
Metadata,FITNESS_CENTRE,1
Metadata,METROPOLITAN COMMUNITY CHURCH,19
Metadata,ALCOHOL,3
Metadata,PRINTING SHOP,3
Metadata,KING JAGIELLO MONUMENT,15
Metadata,DRYBAR,4
Metadata,7 HANOVER SQUARE,1
Metadata,BROADWAY/VESEY STREET,1
Metadata,"FULTON STREET (4,5)",3
Metadata,ATHLETIC,1
Metadata,NEW YORK CENTRAL RAILROAD 69TH STREET TRANSFER BRIDGE,7
Metadata,ONE RIVERSIDE PARK,7
Metadata,EIGHT VENDING MACHINES,5
Metadata,6 VENDING MACHINES,5
Metadata,AUGUST LAURA,7
Metadata,67TH & 3RD AV EL 1881,4
Metadata,HOUSING WORKS THRIFT SHOP,1
Metadata,ST. CATHERINE'S PARK,17
Metadata,MANHATTAN EYE EAR AND THROAT HOSPITAL,10
Metadata,LITTLE ISLAND @PIER55,13
Metadata,CHURCH OF OUR LADY OF PEACE,3
Metadata,FIVE GUYS,6
Metadata,YMCA,6
Metadata,SPA,4
Metadata,THE METROPOLITAN MUSEUM OF ART,12
Metadata,GROCERY SHOP,1
Metadata,CROTON RESERVOIR TAVERN,1
Metadata,BUREAU DE CHANGE,10
Metadata,PHOTO STUDIO SHOP,2
Metadata,BILTMORE PLAZA,1
Metadata,DESMOND'S TAVERN,1
Metadata,CLARION HOTEL PARK AVENUE,1
Metadata,EROS,1
Metadata,RED BALL GARAGE,1
Metadata,MARSHA P. JOHNSON MEMORIAL FOUNTAIN,14
Metadata,WIGS SHOP,3
Metadata,HISTORIC PLACE OF WORSHIP,2
Metadata,MERKIN CONCERT HALL,8
Metadata,KAUFMAN MUSIC CENTER,17
Metadata,SIXTEEN BENCHES,2
Metadata,5 TIMES SQUARE,5
Metadata,19 BENCHES,5
Metadata,LANDMARK COFFEE SHOP & PANCAKE HOUSE,1
Metadata,U.S. PACIFIC HOTEL,1
Metadata,TWO BAKERY SHOPS,1
Metadata,THE FACTORY,8
Metadata,2 PARK AVENUE,47
Metadata,GOELET BUILDING,10
Metadata,AMC LOEWS 19TH ST. EAST 6,4
Metadata,POST DEPOT,1
Metadata,CLEOPATRA HAIR,1
Metadata,GILSEY HOUSE,1
Metadata,SPEEDY'S CAFE,1
Metadata,O'REILLY'S PUB,1
Metadata,WEST 37TH STREET/BROADWAY,1
Metadata,PAYMENT CENTRE,1
Metadata,JOHN FLUEVOG SHOES,1
Metadata,PUBLIC SCHOOL 21 (HISTORICAL),1
Metadata,NEW BULBS WORLD,1
Metadata,SPICES SHOP,10
Metadata,AMAZON BOOKS,2
Metadata,EROTIC SHOP,7
Metadata,DIG INN,3
Metadata,PRET A MANGER,11
Metadata,CHELSEA TELEVISION STUDIOS,29
Metadata,CHELSEA STRATUS,11
Metadata,35 HUDSON YARDS,2
Metadata,MOSCOT,6
Metadata,ARLENE'S GROCERY,8
Metadata,CITI BIKE - FRANKLIN ST & W BROADWAY,1
Metadata,TRIBECA BAGELS,1
Metadata,FOUR ATMS,1
Metadata,CITI BIKE - BROADWAY & BATTERY PL,1
Metadata,TACOMBI,1
Metadata,PIZZA ETALIA,1
Metadata,PIER A HARBOR HOUSE,1
Metadata,GIOVANNI DA VERRAZZANO,1
Metadata,BLACKTAIL,1
Metadata,BROOKLYN-BATTERY TUNNEL VENTILATION BUILDING,1
Metadata,BUREAU_DE_CHANGE,1
Metadata,FOURTEEN BENCHES,2
Metadata,CHEMIST SHOP,2
Metadata,SHRINE OF SAINT ELIZABETH ANN BAYLEY SETON,42
Metadata,HANDBAGS SHOP,1
Metadata,PENN SOUTH PLAYGROUND,5
Metadata,BENEFIT,1
Metadata,F45 TRAINING,2
Metadata,FIRST HOUSES,18
Metadata,FIREBOAT JOHN J. HARVEY,5
Metadata,ADMINISTRATIVE BUILDING,1
Metadata,GUSTAVUS ADOLPHUS CHURCH,1
Metadata,2 WHOLE FOODS MARKETS,2
Metadata,18 BICYCLE PARKINGS,1
Metadata,LESLIE-LOHMAN MUSEUM OF ART,14
Metadata,CHAMPION,4
Metadata,ACCENT,1
Metadata,2 AV/E 31 ST,1
Metadata,2 AV/E 36 ST,1
Metadata,PIER 45,15
Metadata,CRYSTAL GREEN,2
Metadata,HIFI SHOP,3
Metadata,CHEESE,2
Metadata,BUCKLEY SCHOOL,28
Metadata,ARBY'S,3
Metadata,OCME DNA FORENSIC BIOLOGY LABORATORY BUILDING,5
Metadata,FITZ-GREENE HALLECK,8
Metadata,LIGNE ROSET,2
Metadata,EMBASSY SUITES,3
Metadata,ULTA BEAUTY,2
Metadata,PUBLIC_BUILDING,3
Metadata,SOTHEBY'S,14
Metadata,VANDERBILT YMCA,2
Metadata,UNITED NATIONS APARTMENT HOTEL,2
Metadata,53RD & 3RD AV EL 1881,1
Metadata,TWO PARKING ENTRANCES,1
Metadata,FORDHAM UNIVERSITY LINCOLN CENTER CAMPUS,3
Metadata,7 FOR ALL MANKIND,1
Metadata,MARITIME,4
Metadata,STREET VENDOR SHOP,1
Metadata,MONUMENT,5
Metadata,MANHATTAN,1
Metadata,EUROPA CAFE,1
Metadata,MICHAIL'S BARBER SHOP,1
Metadata,"42ND STREET - TIMES SQUARE (N,Q,R,W,7,S)",1
Metadata,EVENTI,19
Metadata,EOS,2
Metadata,POSTER HOUSE,3
Metadata,BOOTS AND SADDLE,1
Metadata,CHIP,1
Metadata,WHOLESALE SHOP,1
Metadata,TWENTY-ONE BENCHES,1
Metadata,UNITED NATIONS SECRETARIAT BUILDING,4
Metadata,FIVE VENDING MACHINES,2
Metadata,KITCHEN SHOP,2
Metadata,ATHLETA,1
Metadata,TRAVEL_AGENCY,1
Metadata,GENERAL STORES SHOP,1
Metadata,KIOSK,1
Metadata,CUNY SCHOOL OF PROFESSIONAL STUDIES,1
Metadata,126 MADISON AVENUE,1
Metadata,SAINT FRANCIS FRIARY,1
Metadata,CITI BIKE - E 30 ST & PARK AVE S,1
Metadata,SIX RESTAURANTS,1
Metadata,TWO PUBS,1
Metadata,EQUESTRIAN STATUE OF THEODORE ROOSEVELT,5
Metadata,PERMANENT MISSION OF THE REPUBLIC OF ZIMBABWE,1
Metadata,TOWER 56,1
Metadata,LEX AVENUE SHOPPING COURT,1
Metadata,CHARITY,1
Metadata,SECRET GARDEN,42
Metadata,LE PAIN QUOTIDIEN,15
Metadata,FRISBEE HILL,1
Metadata,MINERAL SPRINGS,1
Metadata,OLD SAINT PATRICK'S CONVENT AND GIRLS SCHOOL,7
Metadata,SINGER BUILDING,7
Metadata,VACANT,3
Metadata,MOMOFUKU MILK BAR,1
Metadata,MONSIGNOR FARRICKER PARISH HALL,1
Metadata,MCSWIGGAN'S,1
Metadata,TOMPKINS SQUARE BAGELS,1
Metadata,KFC,1
Metadata,GRAMERCY EAST,1
Metadata,MANHATTAN COMPREHENSIVE NIGHT AND DAY HIGH SCHOOL,1
Metadata,NAILS & SPA,2
Metadata,PERMANENT MISSION OF THE REPUBLIC OF MADAGASCAR TO THE UNITED NATIONS,1
Metadata,MATTO ESPRESSO,1
Metadata,PERMANENT MISSION OF THE DEMOCRATIC SOCIALIST REPUBLIC OF SRI LANKA TO THE UNITED NATIONS,1
Metadata,老凤祥,1
Metadata,ASICS,1
Metadata,EXCHANGE CLEANERS,2
Metadata,TEND,1
Metadata,ST. MONICA CHURCH,20
Metadata,9TH STREET ENTRANCE TUNNEL,1
Metadata,THEME PARK,6
Metadata,HISTORIC HOUSE,1
Metadata,DELURY SQUARE,4
Metadata,TITANIC MEMORIAL PARK,7
Metadata,NEWYORK-PRESBYTERIAN LOWER MANHATTAN HOSPITAL,3
Metadata,IPIC THEATERS,4
Metadata,CITI BIKE - W 33 ST & 7 AVE,1
Metadata,6TH & 33RD ST EL 1881,1
Metadata,POSTAL SHOP,3
Metadata,BOOKS,5
Metadata,DAVID'S BRIDAL,1
Metadata,LUZ SHOE REPAIR,1
Metadata,J. J. KINAHAN'S,1
Metadata,CHELSEA FLEA MARKET,1
Metadata,CLINTON CHERRY PLAYGROUND,14
Metadata,UNION SQUARE PLAYGROUND,2
Metadata,AI NOW INSTITUTE,3
Metadata,BUTTERFIELD HOUSE,2
Metadata,CITY AND COUNTRY SCHOOL,2
Metadata,QUAD CINEMA,3
Metadata,PREP_SCHOOL,1
Metadata,HARTMAN TRIANGLE,3
Metadata,BRIAN WATKINS TENNIS CENTER,14
Metadata,AMC LOEWS LINCOLN SQUARE 13,3
Metadata,DEPARTMENT_STORE,1
Metadata,SELF-PORTRAIT,1
Metadata,PROSTETICS SHOP,4
Metadata,MUSEUM OF RECLAIMED URBAN SPACE,5
Metadata,BRIDAL SHOP,1
Metadata,HAWKERS,1
Metadata,CORAL TOWER,1
Metadata,9TH & 30TH ST EL 1881,1
Metadata,MANHATTAN WEST,2
Metadata,THE BUCHANAN,1
Metadata,CONSULATE GENERAL OF UKRAINE,3
Metadata,780 THIRD AVENUE,1
Metadata,COSMOPOLITAN,1
Metadata,PARK AVENUE ATRIUM,1
Metadata,BAYARD BUILDING,1
Metadata,"HOMEWOOD SUITES BY HILTON NEW YORK/MIDTOWN MANHATTAN TIMES SQUARE-SOUTH, NY",4
Metadata,CHELSEA,4
Metadata,SVA THEATER,4
Metadata,VALENTINO,1
Metadata,ETRO,3
Metadata,BARBOUR,1
Metadata,NORMAN THOMAS HIGH SCHOOL,4
Metadata,WOLFGANG’S STEAKHOUSE,7
Metadata,DRAPER INTERDISCIPLINARY GRADUATE PROGRAM,1
Metadata,LANGUAGES AND LITERATURE BUILDING,1
Metadata,ASTOR PLATE,1
Metadata,EVA'S KITCHEN,1
Metadata,RASA,1
Metadata,IRIS AND B GERALD CANTOR FILM CENTER TISCH SCHOOL FOR THE ARTS,1
Metadata,GRAND CENTRAL MARKET,1
Metadata,TRACK 17,1
Metadata,DAG HAMMARSKJOLD PLAZA GREENMARKET,1
Metadata,2 POST BOXES,1
Metadata,SIX BICYCLE PARKINGS,2
Metadata,FLYWHEEL SPORTS,2
Metadata,OLD CHELSEA USPS,1
Metadata,4 SCHOOLS,1
Metadata,TRACK 20,1
Metadata,100 PARK AVENUE,1
Metadata,FDNY LADDER 20/DIVISION 1,1
Metadata,NEW UNIVERSITY PEN AND STATIONERY,1
Metadata,MANOR,1
Metadata,TWISTER,6
Metadata,PIER 32,5
Metadata,OFFSHOOT,3
Metadata,HOLD FAST,1
Metadata,BRADFORD SPACE,1
Metadata,BECCO,1
Metadata,WALK NYC,1
Metadata,GOLD BUYERS,1
Metadata,3 ACES BARBER SHOP,1
Metadata,ST. PAT'S BAR & GRILL,1
Metadata,LITTLE FREE LIBRARY CHARTER #72118,14
Metadata,KRUST PIZZERIA,1
Metadata,TWO BICYCLE RENTALS,1
Metadata,4 FAST FOOD RESTAURANTS,1
Metadata,LE RIVAGE,1
Metadata,NEW AMSTERDAM 1660 MAP,1
Metadata,GATEWAY PLAZA 100,3
Metadata,3 PARKS,1
Metadata,TWO BRIDGES,1
Metadata,VIDEO PRODUCTION SHOP,2
Metadata,TITANIC MEMORIAL LIGHTHOUSE,3
Metadata,116 JOHN STREET,7
Metadata,JET'S PIZZA,7
Metadata,WELLS FARGO,7
Metadata,PASTRY,1
Metadata,ROBERT FULTON HOUSES,6
Metadata,SIMON AND SCHUSTER BUILDING,1
Metadata,745 FIFTH AVENUE,1
Metadata,LORO DIANA,1
Metadata,222 BROADWAY,1
Metadata,THE PORTERHOUSE AT FRAUNCES TAVERN,1
Metadata,JOE & THE JUICE,1
Metadata,85 BROAD STREET,1
Metadata,VALLEY NATIONAL BANK,2
Metadata,LEHMAN MANHATTAN PREPARATORY SCHOOL,1
Metadata,DA CLAUDIO,1
Metadata,EIGHTEEN BENCHES,2
Metadata,FUNERAL_DIRECTORS,1
Metadata,CHOPT,3
Metadata,FIDELITY INVESTOR CENTER,1
Metadata,ORCHARD ALLEY GARDEN,9
Metadata,BEYOND SUSHI,1
Metadata,LOOKS,1
Metadata,STEVE'S EXPRESS SHOE REPAIR,1
Metadata,DOITYOURSELF SHOP,1
Metadata,TWELVE TOWERS,2
Metadata,CLARION,3
Metadata,RIDGEWOOD SAVINGS BANK,2
Metadata,FOOD_COURT,1
Metadata,SEWARD PARK COMMUNITY CENTER,1
Metadata,MAGENTA PLAINS,1
Metadata,SEWARD PARK HIGH SCHOOL,1
Metadata,YAKKAYAMA HAT MARKET,1
Metadata,HESTER STREET FAIR,1
Metadata,LOTUS SPA,1
Metadata,PIZZA A CASA - PIZZA SCHOOL,2
Metadata,SHU JIAO FU ZHOU CUISINE,1
Metadata,JOY'S FLOWERS AND GIFTS,1
Metadata,DIRT CANDY,5
Metadata,WHITE RUNWAY,1
Metadata,DEAN & DELUCA,1
Metadata,FINANCIER,1
Metadata,THE ROCKEFELLER CENTER CHRISTMAS TREE,1
Metadata,VICTORINOX SWISS ARMY,1
Metadata,3RD AVENUE/EAST 61ST STREET,1
Metadata,3RD AVENUE/EAST 60TH STREET,1
Metadata,AMAZON GO,1
Metadata,ARGUABLY THE BEST LOCATION TO SEE EVENING MANHATTAN HENGE,1
Metadata,SOPHRA GRILL,1
Metadata,MURRAY PARK GARAGE,2
Metadata,GUY & GALLARD,1
Metadata,WORKSHOP,1
Metadata,NEW YORK SPORTS CLUB,1
Metadata,BONA NAIL,1
Metadata,CARHARTT,2
Metadata,NAIL SALON SHOP,2
Metadata,CHILDREN'S MUSEUM OF THE ARTS,23
Metadata,TWO PARKING SPACES,1
Metadata,CASPER,1
Metadata,CHARLIE PALMER STEAK,1
Metadata,EIGHT GARDENS,1
Metadata,THE EUGENE,1
Metadata,PIZZA SUPREMA,1
Metadata,EQUINOX IN THE WILD,1
Metadata,THE MOLLY WEE PUB,1
Metadata,WALTERS,1
Metadata,DKNY,1
Metadata,OAK BRIDGE,1
Metadata,ONE WORLD TRADE CENTRE,3
Metadata,100 CHURCH STREET,1
Metadata,SILVERSTEIN FAMILY PARK,1
Metadata,ONE WORLD OBSERVATORY,1
Metadata,THE PAVILION AT BROOKFIELD PLACE,1
Metadata,JAZZ ON COLUMBUS CIRCLE HOSTEL,1
Metadata,TWO PHARMACIES,1
Metadata,AJISAI,1
Metadata,YU SUEN GARDEN,17
Metadata,FIVE PITCHES,1
Metadata,WATCHES,1
Metadata,POSTAL_RELAY_BOX,1
Metadata,CONTRA,1
Metadata,SAUCE PIZZERIA,1
Metadata,LISA SHAUB FINE MILLINERY,1
Metadata,DISUSED:DEPARTMENT STORE SHOP,1
Metadata,CITI BIKE - MACDOUGAL ST & PRINCE ST,14
Metadata,PERMANENT MISSION OF NEW ZEALAND TO THE UNITED NATIONS,19
Metadata,PERMANENT MISSION OF THE REPUBLIC OF SLOVENIA TO THE UNITED NATIONS,19
Metadata,LOW LINE PARK,8
Metadata,BENTO SUSHI,1
Metadata,SIGNATURE BANK,1
Metadata,COCO FRESH TEA & JUICE,1
Metadata,MAIDEN LANE WINE & LIQUOR,1
Metadata,4 VENDING MACHINES,1
Metadata,TWO VENDING MACHINES,1
Metadata,GRAVE_YARD,1
Metadata,GIGINO AT WAGNER PARK,14
Metadata,BLEECKER STREET PIZZA,1
Metadata,FISH,1
Metadata,KUNI SUSHI,1
Metadata,THE GREY DOG,1
Metadata,CITI BIKE - LAFAYETTE ST & E 8 ST,1
Metadata,PANORAMA WILL CALL,1
Metadata,WANAMAKER STORE ANNEX,1
Metadata,KUSHNIRSKY GERBER,1
Metadata,CITI BIKE - BROADWAY & E 14 ST,1
Metadata,COOPER TRIANGLE,1
Metadata,CHLOE'S SOFT SERVE FRUIT CO.,1
Metadata,ENNJU,1
Metadata,TYRES SHOP,1
Metadata,SWEDISH COTTAGE MARIONETTE THEATRE,1
Metadata,NATURALISTS GATE,3
Metadata,PYRAMID GARAGE,1
Metadata,FORTUNE MEAT MARKET,1
Metadata,FAIRFIELD INN & SUITES MANHATTAN DOWNTOWN EAST,1
Metadata,JINGDEZHEN,1
Metadata,VICTORIAN GARDENS AMUSEMENT PARK,6
Metadata,MARYMOUNT MANHATTAN COLLEGE,14
Metadata,PET,1
Metadata,COACH,2
Metadata,TAIPAN BAKERY,1
Metadata,4 PARKS,1
Metadata,COMODO,1
Metadata,2 COSMETICS SHOPS,1
Metadata,13 RESTAURANTS,1
Metadata,VERSACE,1
Metadata,WEST THAMES PARK,1
Metadata,BENVENUTI,1
Metadata,TREADWELL PARK,1
Metadata,THE BLACK HOUND,1
Metadata,PICASSO PIZZERIA,1
Metadata,BAYARD STREET OBSTETRICS AND GYNECOLOGY,1
Metadata,JOA JEWEL,1
Metadata,SHINKA RAMEN & SAKE BAR,2
Metadata,OVERSEA CHINESE MISSION,1
Metadata,OO35MM,1
Metadata,DOUBLE CRISPY BAKERY,1
Metadata,THE BOWERY BEER GARDEN,1
Metadata,JOY LUCK PALACE,1
Metadata,CANADA GOOSE FLAGSHIP STORE,2
Metadata,NEW YORK CITY SUPREME COURT,1
Metadata,THE ODEON,1
Metadata,GOLD BEAR,1
Metadata,GRAMERCY STAR CAFE,1
Metadata,PARK AVENUE AUTUMN,1
Metadata,CHOZO TAQUERÍA,1
Metadata,EAGLEVALE BRIDGE,1
Metadata,CONSOLIDATED EDISON COMPANY BUILDING,8
Metadata,WASHINGTON IRVING HIGH SCHOOL,6
Metadata,ARPITA DELI & GROCERY,1
Metadata,TRIBECA PARK,2
Metadata,NATURAL DELI,1
Metadata,MADISON AVENUE/EAST 59TH STREET,1
Metadata,METROPOLITAN CLUB,1
Metadata,CITI BIKE - E 59 ST & MADISON AVE,1
Metadata,INTERNATIONAL PLAZA,1
Metadata,5 BANKS,1
Metadata,TOYOTA CHILDREN'S LEARNING GARDEN,4
Metadata,SOB'S,6
Metadata,FILM FORUM,5
Metadata,CITY AS SCHOOL,3
Metadata,583 PARK AVENUE,1
Metadata,THE ROOF,1
Metadata,BLUE DOG,1
Metadata,NATHAN'S,1
Metadata,ALTESI,1
Metadata,THE GEM HOTEL SOHO,2
Metadata,EAST HOUSTON ST. WINE & LIQUOR,1
Metadata,3 CAFES,1
Metadata,CAFE CORTADITO,1
Metadata,3 VACANT SHOPS,1
Metadata,PIL PIL,1
Metadata,2 AV/E 75 ST,1
Metadata,JOLLIBEE,2
Metadata,POTBELLY,2
Metadata,FOOD SHOP,1
Metadata,REBECCA SCHOOL,5
Metadata,STANTON SUBSTATION,3
Metadata,FIVE STUY CAFE,14
Metadata,CONGREGATION CHASAM SOFER,8
Metadata,KOVE BROTHERS HARDWARE,1
Metadata,PANERA BREAD,2
Metadata,READER ADVISOR,1
Metadata,CHURCH OF THE VILLAGE,1
Metadata,MOE'S SOUTHWEST GRILL,3
Metadata,TIM HORTONS,3
Metadata,HENRY STREET PLAYHOUSE,1
Metadata,LES COMMUNITY FRIDGE,1
Metadata,SEWARD PARK HIGH SCHOOL - COMMUNITY PLAYGROUND,1
Metadata,BELLA ABZUG PARK,1
Metadata,DISTRICT TAP HOUSE,1
Metadata,MIDTOWN COMICS,1
Metadata,TWO POST BOXES,1
Metadata,7 RESTAURANTS,1
Metadata,CITI BIKE - E 66 ST & MADISON AV,2
Metadata,AVENA,2
Metadata,3 PUBS,2
Metadata,HEALTH FOOD SHOP,1
Metadata,THE GARDEN,1
Metadata,PERMANENT MISSION OF THE REPUBLIC OF MALI TO THE UNITED NATIONS,1
Metadata,NORTH BUILDING,1
Metadata,THREE CLOTHES SHOPS,1
Metadata,BLUEMERCURY,1
Metadata,SCOTTS FLOWERS NYC,1
Metadata,640 5TH,2
Metadata,TOASTIES,1
Metadata,REICHENBACH HALL,1
Metadata,LAO FENG XIANG,1
Metadata,13 BENCHES,1
Metadata,PARK LANE HOTEL,1
Metadata,650 MADISON AVENUE,1
Metadata,QUALITY ITALIAN,1
Metadata,"MARTINA M. REYNOLDS, DDS",1
Metadata,CITY FACIAL PLASTICS,1
Metadata,1 HOTEL CENTRAL PARK,1
Metadata,LUGGAGE STORAGE SHOP,1
Metadata,THE MONSTER CYCLE,1
Metadata,BRGR,1
Metadata,HALE AND HEARTY,1
Metadata,THE VISIONAIRE,1
Metadata,BATTERY PARKING GARAGE,2
Metadata,WEST BANK,1
Metadata,HERTZ,2
Metadata,THE DRAWING CENTER,10
Metadata,SOHO GRAND HOTEL,4
Metadata,DE FOREST BUILDING,1
Metadata,EIGHT RESTAURANTS,1
Metadata,THE DORILTON,5
Metadata,CENTRAL SAVINGS BANK BUILDING,9
Metadata,SUSHI SEKI,7
Metadata,EXOTIC EMPANADAS,1
Metadata,BAP,1
Metadata,BEST WESTERN HERALD SQUARE,1
Metadata,LEXI NAILS & SPA,2
Metadata,GEMELLI SALON,1
Metadata,BARN JOO 35,1
Metadata,BAREBURGER,1
Metadata,EAST 34TH STREET/MIDTOWN,5
Metadata,CONFECTIONERY,1
Metadata,ASSOCIATED SUPERMARKET,1
Metadata,NUR GROCERY TWO,1
Metadata,ESPERANTO,1
Metadata,SEVEN BICYCLE PARKINGS,1
Metadata,LOWER EAST SIDE 24H CAR SERVICE,1
Metadata,THE CAEDMON SCHOOL,8
Metadata,8 GARDENS,1
Metadata,NEWSAGENT,1
Metadata,CLAIRE'S,1
Metadata,ROLL & GO PIZZA,2
Metadata,RAY’S,1
Metadata,3 BARS,2
Metadata,10 RESTAURANTS,1
Metadata,TOLOACHE,1
Metadata,HAO NOODLE,1
Metadata,PARSONS SCHOOL OF DESIGN,1
Metadata,5 UNIVERSITIES,1
Metadata,TEMPLE EMANU-EL,1
Metadata,RICHARD MORRIS HUNT,1
Metadata,THE ARSENAL,1
Metadata,DANCING CRANE CAFE,1
Metadata,ZOO SCHOOL,1
Metadata,THE DENE,2
Metadata,5 PITCHES,1
Metadata,BOW BRIDGE,2
Metadata,CENTRE MELTS,1
Metadata,CITY HALL PARK,1
Metadata,TWO DRINKING WATERS,1
Metadata,SANTANDER,2
Metadata,WEINSTEIN HALL,1
Metadata,KNICKERBOCKER BAR & GRILL,1
NLP_User,LIBERTY STREET,28
NLP_User,EAST 49TH STREET,6
NLP_User,UNITED NATIONS,2
NLP_User,MACDOUGAL-SULLIVAN GARDENS HISTORIC DISTRICT,1
NLP_User,MACDOUGAL STREET,13
NLP_User,CREPERIE,1
NLP_User,1ST AVENUE,120
NLP_User,FIRST,133
NLP_User,ABOUT 3,50
NLP_User,10TH AVENUE,52
NLP_User,CATHOLIC,50
NLP_User,SUBWAY,43
NLP_User,YORK AVENUE,14
NLP_User,CAFE YORK,1
NLP_User,SLIM DENTAL KIDS,1
NLP_User,GOTHAM PIZZA,1
NLP_User,ALEXANDER,1
NLP_User,BONIN,1
NLP_User,WEST 22ND,11
NLP_User,SCHWINN,2
NLP_User,EAST VILLAGE,6
NLP_User,2ND AVENUE,147
NLP_User,A BANK OF AMERICA,3
NLP_User,BRYANT PARK,30
NLP_User,THE JOSEPHINE SHAW LOWELL FOUNTAIN,1
NLP_User,ABOUT SEVEN,5
NLP_User,FORSYTH STREET,7
NLP_User,THE PHILLY PRETZEL FACTORY,1
NLP_User,CHAMBERS STREET,18
NLP_User,VERIZON,22
NLP_User,GINA KEATLEY,4
NLP_User,BEST BUY,8
NLP_User,LAFAYETTE STREET,23
NLP_User,THIRD,36
NLP_User,GATO,2
NLP_User,BAXTER STREET,7
NLP_User,ASIAN,15
NLP_User,EAST 51ST,14
NLP_User,AT&T,33
NLP_User,THE LOTTE HOTELS & RESORTS,2
NLP_User,WEST 40TH,50
NLP_User,BLANK FITNESS,1
NLP_User,MANHATTAN MALL,4
NLP_User,76TH STREET BASKETBALL COURTS,1
NLP_User,BROADWAY,256
NLP_User,ANSONIA,2
NLP_User,VERIZON WIRELESS,25
NLP_User,CHASE,105
NLP_User,WEST 30TH,11
NLP_User,ABOUT 5,24
NLP_User,ABOUT A HALF,43
NLP_User,WEST STREET,56
NLP_User,SECOND,143
NLP_User,THE PUBLIC THEATER,2
NLP_User,GREENWICH STREET,35
NLP_User,ABOUT 10,14
NLP_User,ST. NICHOLAS GREEK ORTHODOX CHURCH,3
NLP_User,ARMOUR,8
NLP_User,GRAND STREET,65
NLP_User,SOUTH EAST,67
NLP_User,BROADWAY PAST TOWER 270,1
NLP_User,THE WOOLWORTH BUILDING,3
NLP_User,TRINITY CHURCHYARD,4
NLP_User,11TH AVENUE,14
NLP_User,ABOUT 3/4,4
NLP_User,POPULAR,1
NLP_User,DELANCEY,8
NLP_User,WEST 48TH,14
NLP_User,RESTAURANT,2
NLP_User,BANK OF AMERICA,91
NLP_User,STUYVESANT COVE PARK,2
NLP_User,NASSAU STREET,9
NLP_User,EAST 7TH,21
NLP_User,THE HISTORIC MONUMENT IN TOMPKINS SQUARE PARK,1
NLP_User,2 1/2,7
NLP_User,PUCK BUILDING,3
NLP_User,LIZ CHRISTY GARDEN,4
NLP_User,BOUWERIE LANE,1
NLP_User,GREENWICH AVENUE,16
NLP_User,FDR DRIVE,51
NLP_User,BATTERY PARK CITY,12
NLP_User,RITE AID,24
NLP_User,BEDFORD STREET,4
NLP_User,FIRST HUNGARIAN,1
NLP_User,61ST,3
NLP_User,CHRISTIAN,17
NLP_User,HILTON,70
NLP_User,9TH AVENUE,82
NLP_User,EAST 33RD STREET,9
NLP_User,FIVE,45
NLP_User,WELLS FARGO BANK,9
NLP_User,THE DUANE READE,3
NLP_User,6TH AVENUE,124
NLP_User,WASHINGTON SQUARE HOTEL,2
NLP_User,CHURCH OF ST. JOSEPH,1
NLP_User,GREENWICH VILLAGE,12
NLP_User,SPRING STREET,26
NLP_User,ABOUT 20,9
NLP_User,VESUVIO PLAYGROUND,2
NLP_User,GOLD STREET,7
NLP_User,PETSMART,7
NLP_User,WEST 24TH,10
NLP_User,ABOUT NINE,2
NLP_User,BATH & BEYOND,3
NLP_User,WEST 34TH,36
NLP_User,MACY,32
NLP_User,EAST 15TH,9
NLP_User,CHRISTOPHER STREET,13
NLP_User,WEST 62ND,26
NLP_User,BROOKLYN,13
NLP_User,EAST 32ND,27
NLP_User,EAST 14TH,64
NLP_User,THE NEW YORK EYE,3
NLP_User,PARK AVENUE SOUTH,27
NLP_User,RIVINGTON STREET,15
NLP_User,ABOUT FOUR,12
NLP_User,WEST 23RD,48
NLP_User,WEST 38TH,25
NLP_User,LESS THAN A HALF,12
NLP_User,WALMART,3
NLP_User,CITI BIKE,123
NLP_User,STARBUCKS,134
NLP_User,WEST 57TH,37
NLP_User,PARIS,8
NLP_User,BAGUETTE,6
NLP_User,1ST AVE,1
NLP_User,SAPPHIRE STRIP CLUB,1
NLP_User,GOODWILL,11
NLP_User,CORTLANDT ALLEY,4
NLP_User,MEXICAN,39
NLP_User,WEST 46TH,26
NLP_User,PANDA EXPRESS,1
NLP_User,ST. LUKE'S,2
NLP_User,WORTH STREET,16
NLP_User,MADISON SQUARE PARK,19
NLP_User,WEST 14TH,39
NLP_User,MAIDEN LANE,15
NLP_User,CRUNCH FITNESS,11
NLP_User,DNTL,1
NLP_User,PARK PLACE,5
NLP_User,MILLENNIUM POINT,5
NLP_User,ELIZABETH,9
NLP_User,THE LINCOLN BUILDING,5
NLP_User,WELLS FARGO,29
NLP_User,THE APPLE BANK,1
NLP_User,7TH AVENUE,75
NLP_User,KEY JEWELERS,1
NLP_User,EAST 56TH,9
NLP_User,AVENUE,40
NLP_User,TESLA,11
NLP_User,EAST 46TH,9
NLP_User,THE PERMANENT MISSION OF FRANCE,1
NLP_User,THE UNITED NATIONS,5
NLP_User,ELIZABETH STREET,24
NLP_User,A CATHOLIC CHURCH,10
NLP_User,DELANCEY  STREET,1
NLP_User,EAST BROADWAY,44
NLP_User,WEST 41ST,11
NLP_User,THE FOOD EMPORIUM,13
NLP_User,CEDAR STREET,8
NLP_User,A W HOTELS,1
NLP_User,THAI,21
NLP_User,EAST 26TH STREET,7
NLP_User,CITIBANK,57
NLP_User,STANTON STREET,18
NLP_User,ST ANTHONY,1
NLP_User,PADUA CHURCH,2
NLP_User,THE GEM HOTEL,6
NLP_User,EAST 8TH STREET,4
NLP_User,HALF,167
NLP_User,1 1/2,5
NLP_User,AMSTERDAM AVENUE,25
NLP_User,MADISON,13
NLP_User,CHANEL,16
NLP_User,FRENCH,28
NLP_User,COLUMBUS AVENUE,45
NLP_User,KIEHL,11
NLP_User,CENTRAL PARK,28
NLP_User,A FEW HUNDRED YARDS,1
NLP_User,EAST 65TH,8
NLP_User,SALVATORE FERRAGAMO,1
NLP_User,5TH AVENUE,98
NLP_User,SPRING ST. FOLLOW,1
NLP_User,CANAL PARK,2
NLP_User,EAST 3RD,14
NLP_User,PERRY STREET,9
NLP_User,CLUB MONACO,7
NLP_User,LENOX HILL,1
NLP_User,EAST 69TH,6
NLP_User,WEST 50TH,8
NLP_User,NORTH EAST,35
NLP_User,THE HUDSON RIVER,4
NLP_User,COHEN,9
NLP_User,59TH,4
NLP_User,CANAL,19
NLP_User,WEWORK,14
NLP_User,VANDERBILT AVENUE,1
NLP_User,HSBC,25
NLP_User,THREE,185
NLP_User,STATE STREET,12
NLP_User,TWELVE,2
NLP_User,EAST 6TH,21
NLP_User,WEST 52ND,12
NLP_User,BENTLEY,2
NLP_User,EAST 5TH STREET,6
NLP_User,12TH,11
NLP_User,HARRY’S ITALIAN,1
NLP_User,THE AFFINIA HOTELS,3
NLP_User,WEST 37TH,19
NLP_User,DUNKIN,71
NLP_User,EAST 26TH,6
NLP_User,CATHERINE STREET,10
NLP_User,ABOUT 9 OR 10,2
NLP_User,3RD AVENUE,129
NLP_User,THE CHURCH OF THE HOLY COMMUNION,3
NLP_User,WEST 10TH,18
NLP_User,NUFRAME GALLERY,1
NLP_User,JEFFERSON MARKET LIBRARY,4
NLP_User,WEST 47TH STREET,15
NLP_User,FRANCIS P. DUFFY,2
NLP_User,NYC BIKE,1
NLP_User,ABOUT THREE QUARTERS,6
NLP_User,EUROPEAN,1
NLP_User,WEST 39TH,17
NLP_User,20TH,8
NLP_User,SOUTH STREET,9
NLP_User,NEW YORK,41
NLP_User,ALBANY,1
NLP_User,ORTHODOX,3
NLP_User,ABOUT 7,16
NLP_User,ABOUT 4,34
NLP_User,PEARL,10
NLP_User,RIVERSIDE WALK,2
NLP_User,MARINA,3
NLP_User,CHURCH OF ST. JOHN THE,1
NLP_User,BAPTIST,6
NLP_User,ABOUT HALF,23
NLP_User,WARBY PARKER,4
NLP_User,ZARA,5
NLP_User,BLEECKER,11
NLP_User,C.O. BIGELOW,2
NLP_User,LUTHERAN,5
NLP_User,CHARLTON,3
NLP_User,DIG INN,1
NLP_User,FRANKLIN STREET,7
NLP_User,LEVI,8
NLP_User,EAST 30TH,13
NLP_User,WEST 26TH STREET,8
NLP_User,THE MUSEUM OF SEX,1
NLP_User,BLINK,5
NLP_User,EAST 9TH,28
NLP_User,NORTH LAWN,2
NLP_User,THE CLOTHES SHOP,1
NLP_User,MANHATTAN,20
NLP_User,COUNTER,1
NLP_User,WEST 42ND STREET,26
NLP_User,RADIOSHACK,5
NLP_User,WEST 57TH STREET,4
NLP_User,CENTRAL PARK PLACE,1
NLP_User,HAIRDRESSER,61
NLP_User,PETER COOPER VILLAGE,6
NLP_User,EAST 10TH,20
NLP_User,EAST 16TH STREET,4
NLP_User,ABINGDON SQUARE,4
NLP_User,JACKSON SQUARE PARK,8
NLP_User,FEDEX OFFICE,14
NLP_User,ROCKEFELLER CENTER,6
NLP_User,EAST 45TH STREET,8
NLP_User,ABOUT A QUARTER,3
NLP_User,WEST 56TH,11
NLP_User,TIMBERLAND,3
NLP_User,TOMMAN,1
NLP_User,MADEWELL,8
NLP_User,DOS TOROS TEQUERIA,1
NLP_User,THE AXA EQUITABLE CENTER,1
NLP_User,EAST 23RD,32
NLP_User,EAST 31ST,15
NLP_User,BANK OF BARODA,1
NLP_User,STATE STREET PLAZA,4
NLP_User,THE HAMPTON INN,3
NLP_User,WEST 43RD,20
NLP_User,MARIOTT,9
NLP_User,MADISON AVENUE,53
NLP_User,W. 28TH ST.,1
NLP_User,THE GRAND HOTEL,5
NLP_User,LEXINGTON AVENUE,105
NLP_User,KALUSTYAN,3
NLP_User,LEXINGTON,23
NLP_User,WEST 54TH STREET,6
NLP_User,THE WARWICK HOTEL,3
NLP_User,3 1/2,4
NLP_User,ARTIZIA,2
NLP_User,ANTHROPOLOGIE,6
NLP_User,WEST 16TH,4
NLP_User,WEST 17TH,22
NLP_User,UNION SQUARE,18
NLP_User,WEST 60TH,21
NLP_User,COLUMBUS CIRCLE,7
NLP_User,ITALIAN,51
NLP_User,8TH AVENUE,102
NLP_User,RICKY,16
NLP_User,THE TIFFANY & COMPANY,3
NLP_User,THE BATTERY CITY PARK AUTHORITY,1
NLP_User,EAST 13TH,21
NLP_User,TRADER JOE'S,22
NLP_User,CLOTHES,4
NLP_User,EAST 42ND,2
NLP_User,FLOWER POWER,1
NLP_User,ADAMS EXPRESS,2
NLP_User,TRINITY PLACE,6
NLP_User,EAST 20TH,10
NLP_User,LAGUARDIA PLACE,11
NLP_User,BRITISH,1
NLP_User,CENTRE STREET,19
NLP_User,ANGEL ORENSANZ,1
NLP_User,TIL EAST HOUSTON STREET,1
NLP_User,BENCH,7
NLP_User,WEST 3RD STREET,3
NLP_User,CAFFE REGGIO,1
NLP_User,BLUE NOTE JAZZ CLUB,2
NLP_User,SOUTH WILLIAM STREET,7
NLP_User,57TH STREET,1
NLP_User,CHAMBERS,5
NLP_User,EAST 2ND,17
NLP_User,COURTYARD MARRIOT,1
NLP_User,CLASSIC CAR CLUB,1
NLP_User,LINCOLN TUNNEL,1
NLP_User,WEST MIDTOWN FERRY TERMINAL,1
NLP_User,COLONY CLUB,1
NLP_User,CLARKSON STREET,5
NLP_User,WEST 29TH,20
NLP_User,WEST ELM,1
NLP_User,TARGET,33
NLP_User,THE COOPER UNION,2
NLP_User,GRACE,1
NLP_User,EAST 43RD,14
NLP_User,RALPH BUNCHE PARK,2
NLP_User,THE TRUMP WORLD TOWER,1
NLP_User,ZECKENDORF TOWERS,4
NLP_User,DUANE STREET,3
NLP_User,TRIBECA,5
NLP_User,SAINT MARK'S,25
NLP_User,H MART,8
NLP_User,WASHINGTON,10
NLP_User,THE NEW YORK SOCIETY LIBRARY,1
NLP_User,WEST 26TH,10
NLP_User,THE HEADQUARTERS OF THE UNITED NATIONS,1
NLP_User,1952,1
NLP_User,THE TURKISH HOUSE,1
NLP_User,BOWERY,37
NLP_User,UMBERTO,3
NLP_User,WASHINGTON MEWS STREET,1
NLP_User,SUPERCUTS AND INSTITUTE OF AUDIO RESEARCH,1
NLP_User,WASHINGTON MEWS,13
NLP_User,WEST 55TH STREET,3
NLP_User,DUANE READE,133
NLP_User,DANTE PARK,5
NLP_User,W. 55TH ST,1
NLP_User,KPMG,3
NLP_User,WEST 31ST,22
NLP_User,JANE STREET,3
NLP_User,D'AGOSTINO,14
NLP_User,THE WINTER GARDEN THEATER,1
NLP_User,CANAL STREET,56
NLP_User,BEAUTY SOLUTION SKINCARE,1
NLP_User,JUST 4,1
NLP_User,CATHERINE SLIP,19
NLP_User,EAST 41ST,4
NLP_User,RADIO SHACK,2
NLP_User,COHEN’S FASHION OPTICAL,1
NLP_User,THE WORLD TRADE CENTER TRANSPORTATION HUB - OCULUS,2
NLP_User,WEST HOUSTON,15
NLP_User,6 1/2,3
NLP_User,GRAND,12
NLP_User,SOHO,8
NLP_User,BLEEKER,7
NLP_User,THE SOUTH EAST,24
NLP_User,NOHO,5
NLP_User,EAST 70TH,4
NLP_User,ABOUT 2,60
NLP_User,NUDIE JEANS CO.,6
NLP_User,THE HOLLAND TUNNEL,4
NLP_User,VILLAGE COMMUNITY BOATHOUSE,1
NLP_User,JUST ABOUT 2,1
NLP_User,WEST ST.,1
NLP_User,LITTLE WEST STREET,9
NLP_User,WAGNER HOTEL,1
NLP_User,HAMPTON HOTEL,5
NLP_User,WALKER,4
NLP_User,BATTERY PLACE,32
NLP_User,RUFUS D. SMITH HALL,1
NLP_User,WEST 31,1
NLP_User,CHURCH STREET,23
NLP_User,NORTH MOORE STREET,7
NLP_User,HUDSON ST.,1
NLP_User,EAST 8TH,11
NLP_User,HUFFY,2
NLP_User,VARIETY,1
NLP_User,CLINTON,10
NLP_User,BOOST MOBILE,3
NLP_User,VARICK STREET,11
NLP_User,WASHINGTON SQUARE SOUTH,4
NLP_User,THE LOWER EAST SIDE PLAYGROUND,1
NLP_User,14TH,26
NLP_User,THE IMMACULATE CONCEPTION CHURCH,2
NLP_User,TOMPKINS SQUARE PARK,9
NLP_User,FOURTH,7
NLP_User,WEST 45TH STREET,19
NLP_User,NYC VELO,1
NLP_User,WEST 36TH STREET,7
NLP_User,FAIRFIELD INN,11
NLP_User,FDNY ENGINE,2
NLP_User,MARRIOTT,14
NLP_User,THE BATTERY PARKING GARAGE,1
NLP_User,WEST 9TH,2
NLP_User,PIER 1,5
NLP_User,THE END OF EAST 60TH,1
NLP_User,THE WASHINGTON SQUARE ARCH,3
NLP_User,OVER 4,2
NLP_User,ARITZIA,4
NLP_User,BAREBURGER,4
NLP_User,ORCHARD STREET,19
NLP_User,THE KRAUSE GALLERY,1
NLP_User,THE SELF EDGE,3
NLP_User,PERETZ SQUARE,6
NLP_User,THE WEST HALF,1
NLP_User,NUDE JEANS CO.,1
NLP_User,CHINESE,65
NLP_User,JOE COFFEE COMPANY,4
NLP_User,HORATIO STREET,10
NLP_User,AMSTERDAM,3
NLP_User,THE EAST 28TH,1
NLP_User,HAMPTON,23
NLP_User,PENN SOUTH BUILDING,1
NLP_User,EIGHT AVENUE,1
NLP_User,DAVID DRUBINSKY,1
NLP_User,THE HOME DEPOT,5
NLP_User,BLEECKER STREET,19
NLP_User,MERCER,4
NLP_User,WEST 33RD,7
NLP_User,MADISON SQUARE GARDEN,5
NLP_User,THE MYSTERIOUS BOOKSHOP,5
NLP_User,THE BANK OF AMERICA,22
NLP_User,HALLMARK,9
NLP_User,THE XI'AN FAMOUS FOODS,2
NLP_User,EAST 53RD,15
NLP_User,BLUE BOTTLE,1
NLP_User,RITZ-CARLTON,6
NLP_User,BOND STREET,1
NLP_User,ROBBINS,2
NLP_User,APPLETON BUILDING,2
NLP_User,EAST 80TH STREET,4
NLP_User,RIVERSIDE BOULEVARD,3
NLP_User,OTTENDORFER LIBRARY,2
NLP_User,HUNTER COLLEGE,4
NLP_User,EAST 60TH,14
NLP_User,E. 28TH,1
NLP_User,TRADER JOES,4
NLP_User,EAST 36TH STREET,6
NLP_User,UNION SQUARE EAST,2
NLP_User,PETCO,4
NLP_User,BICYCLES,1
NLP_User,EAST 12TH,18
NLP_User,STRAND,2
NLP_User,CHASE BANK,24
NLP_User,EAST 78TH,8
NLP_User,SAMUEL DICKSTEIN PLAZA,4
NLP_User,WEST 51ST,17
NLP_User,WEST 15TH,16
NLP_User,OPTICIAN,13
NLP_User,PEARL STREET,34
NLP_User,SULLIVAN STREET,6
NLP_User,SULLIVAN,4
NLP_User,ELEANOR ROOSEVELT HIGH SCHOOL,3
NLP_User,FLIXBUS,12
NLP_User,WEST 44TH,21
NLP_User,EAST 11TH STREET,14
NLP_User,THE BATTERY PARK CITY GREENWAY,4
NLP_User,THOMPSON STREET,10
NLP_User,WASHINGTON SQUARE PARK,7
NLP_User,THE CONCORDE HOTEL,1
NLP_User,EAST 55TH,6
NLP_User,COLUMBUS,16
NLP_User,MOTT STREET,23
NLP_User,BIKE,6
NLP_User,SIXTH,3
NLP_User,JAPANESE,43
NLP_User,WEST 32ND,14
NLP_User,EMPIRE STATE,2
NLP_User,PINKBERRY,15
NLP_User,THE BUFFALO EXCHANGE,3
NLP_User,WEST 79TH,9
NLP_User,BAPTIST CHURCH,2
NLP_User,WEST 53RD STREET,3
NLP_User,ROOSEVELT PARK,1
NLP_User,SOUTH END AVENUE,7
NLP_User,EAST OF A BAY,1
NLP_User,LUSH,4
NLP_User,ASTOR APARTMENTS,1
NLP_User,LULULEMON,26
NLP_User,WEST 77TH STREET,4
NLP_User,BLUE CONDOMINIUM,1
NLP_User,W HOTELS,11
NLP_User,MERCI MARKET,1
NLP_User,5TH AVENUNE,1
NLP_User,A LITTLE OVER 10,2
NLP_User,BUILDING,2
NLP_User,MCDONALD,23
NLP_User,GRAND HOTEL,1
NLP_User,CITY BIKE,6
NLP_User,MAX MARA,3
NLP_User,DOLCE & GABBANA,4
NLP_User,LINCOLN,5
NLP_User,EAST 22ND,3
NLP_User,PROHEALTH CARE,2
NLP_User,73RD,1
NLP_User,EAST 68TH,8
NLP_User,THE COUNCIL ON FOREIGN RELATIONS,1
NLP_User,SYNAGOGUE,1
NLP_User,FULTON STREET,17
NLP_User,WATER STREET,12
NLP_User,THE NEW YORK STOCK EXCHANGE,2
NLP_User,THE FRAUNCES TAVERN MUSEUM,1
NLP_User,EAST 81ST,3
NLP_User,NEW YORK CITY,8
NLP_User,THE MANHATTAN BRIDGE,6
NLP_User,THE SALVATION ARMY,9
NLP_User,TREK,14
NLP_User,HENRY STREET,10
NLP_User,HUDSON RIVER PARK,6
NLP_User,RETRO FITNESS,9
NLP_User,WEST 72ND,16
NLP_User,WEST 80TH,2
NLP_User,MURPHY PARK,2
NLP_User,BROOME STREET,17
NLP_User,WEST 27TH,14
NLP_User,STUDIO,1
NLP_User,LOTTE HOTELS & RESORTS,9
NLP_User,T-MOBILE,13
NLP_User,57TH,2
NLP_User,HEARST TOWER,3
NLP_User,CHURCH,23
NLP_User,CHIPOTLE,18
NLP_User,SANTANDER BANK,2
NLP_User,AMERICAN,26
NLP_User,HELLCAT ANNIE'S,1
NLP_User,LUDLOW,2
NLP_User,THE MICHEL CLUIZEL,1
NLP_User,WEST 35TH,19
NLP_User,CUNY GRADUATE CENTER UNIVERSITY,1
NLP_User,THE LONG HALL BAR,1
NLP_User,EAST 38TH,10
NLP_User,THE DOWNTOWN COMMUNITY TELEVISION CENTER,4
NLP_User,EAST 33RD,7
NLP_User,BLUESTOCKINGS,3
NLP_User,NORTHWEST OF SELF EDGE DENIM,1
NLP_User,ALLEN,6
NLP_User,MONEY,1
NLP_User,A HALF,5
NLP_User,ABOUT 8,12
NLP_User,EAST 69TH STREET,2
NLP_User,HENRY P. DAVISON HOUSE,1
NLP_User,MADURA,1
NLP_User,SONOBI,1
NLP_User,EAST 21ST STREET,2
NLP_User,ABOUT 6 AND A HALF,1
NLP_User,VARICK,4
NLP_User,45TH,4
NLP_User,WYNDHAM,6
NLP_User,WEST 28TH,27
NLP_User,MCDONALD'S,11
NLP_User,AMERICAS TOWER,2
NLP_User,THE INDEPENDENT HOTEL,2
NLP_User,EAST 31TH STREET,1
NLP_User,AVENUE B.,1
NLP_User,WEST 55TH,12
NLP_User,THE PENINSULA NEW YORK,1
NLP_User,MOROCCAN,1
NLP_User,THE NEW YORK PUBLIC LIBRARY,15
NLP_User,H-MART,1
NLP_User,SEPHORA,14
NLP_User,WEST 58TH,14
NLP_User,HUDSON,24
NLP_User,CINEMA,3
NLP_User,THE AVENUE C LOOP,4
NLP_User,EAST 74TH,7
NLP_User,DUANE READE PHARMACY,8
NLP_User,HOTEL 57,3
NLP_User,EAST 17TH,16
NLP_User,ABOUT TWO,31
NLP_User,JUST OVER 5,2
NLP_User,APPLE STORE,2
NLP_User,CLEVELAND PLACE,2
NLP_User,THE UNIVERSITY ON,1
NLP_User,ACE HARDWARE,10
NLP_User,THE HIGH SCHOOL OF ART AND DESIGN,1
NLP_User,BATTERY,7
NLP_User,WEST 20TH,17
NLP_User,CHURCH OF THE HOLY COMMUNION,3
NLP_User,THE END OF WEST 44TH,1
NLP_User,UNCLE GUSSY'S,2
NLP_User,WEST 18TH,14
NLP_User,18TH,2
NLP_User,WEST 74TH,10
NLP_User,FOOT LOCKER,8
NLP_User,WEST 34TH STREET,10
NLP_User,WEST BROADWAY,35
NLP_User,THE PERFORMING ARTS CENTER,2
NLP_User,THE WORLD TRADE CENTER,5
NLP_User,AVAAZ,2
NLP_User,EAST 39TH,9
NLP_User,THE HISTORIC MEMORIAL,2
NLP_User,THEATRE,11
NLP_User,COMFORT INN,2
NLP_User,EAST 73RD,4
NLP_User,WATERSIDE PLAZA,1
NLP_User,ABOUT 6,16
NLP_User,EAST HOUSTON STREET,10
NLP_User,THE WHOLE FOODS MARKET,1
NLP_User,WEST 46TH STREET,6
NLP_User,WEST 33RD STREET,7
NLP_User,SBARRO,1
NLP_User,EXPRESS,7
NLP_User,CENTRAL SYNAGOGUE,1
NLP_User,EAST 40TH,8
NLP_User,AN ARTS CENTRE,1
NLP_User,GREENWICH,20
NLP_User,BICYCLE,11
NLP_User,MAISON KAYSER,2
NLP_User,MARRIOT,2
NLP_User,HERSHEY,2
NLP_User,W. 57TH STREET,1
NLP_User,THE EUROPEAN WAX,1
NLP_User,TRUMP PARC EAST,1
NLP_User,THE RADIO SHACK,1
NLP_User,QUARTER,1
NLP_User,MORTON,2
NLP_User,LOVE,1
NLP_User,LINCOLN CENTER,4
NLP_User,THE PERFORMING ARTS,6
NLP_User,4TH AVENUE,11
NLP_User,WEST 68TH,2
NLP_User,MOTT OPTICAL GROUP,12
NLP_User,CATHAY BANK,1
NLP_User,CATHERINE,4
NLP_User,THE GRAND CENTRAL TERMINAL,3
NLP_User,GRAFTON,1
NLP_User,WEST 13TH 2,1
NLP_User,AMERICAS,5
NLP_User,ABOUT 2 1/2,4
NLP_User,POPEYE,4
NLP_User,WEST 76TH,3
NLP_User,A SHAKE SHACK,1
NLP_User,20TH STREET LOOP,12
NLP_User,THE HILTON GARDEN INN,7
NLP_User,CITY UNIVERSITY OF NEW YORK,2
NLP_User,HOLIDA INN,1
NLP_User,ABOUT 18,3
NLP_User,BURLINGTON COAT FACTORY,3
NLP_User,7-ELEVEN,24
NLP_User,UNIGLO,1
NLP_User,GRAND HYATT,6
NLP_User,PARIS BAGUETTE,6
NLP_User,THE END OF EAST 44TH,1
NLP_User,THE APPLE STORE,2
NLP_User,WASHINGTON SQUARE,8
NLP_User,WEST 19TH,17
NLP_User,CENTRE,4
NLP_User,ALLEN STREET,36
NLP_User,COURTYARD,5
NLP_User,3RDAVENUE,1
NLP_User,EAST 28TH,17
NLP_User,THE JAMES HOTELS,9
NLP_User,AVENUE C LOOP,13
NLP_User,VERIZON BUILDING,1
NLP_User,CAFE,7
NLP_User,WEST 13TH,16
NLP_User,STREET,5
NLP_User,3RD AVE,5
NLP_User,PASS SOCONY-MOBIL BUILDING,1
NLP_User,RESIDENCE INN,4
NLP_User,SELF EDGE,10
NLP_User,WEST 47TH,11
NLP_User,DOUBLE TREE,2
NLP_User,SEOUL GARDEN,1
NLP_User,HORACE GREELY STATUE,1
NLP_User,RITUALS,5
NLP_User,ALMOST HALF,4
NLP_User,MOTT,8
NLP_User,THE OLYMPIC TOWER,1
NLP_User,GREENACRE PARK,2
NLP_User,THE CITI BIKE,27
NLP_User,THE BROOKLYN-BATTERY TUNNEL,13
NLP_User,BROOME,7
NLP_User,INSOMNIA COOKIES,6
NLP_User,AVENUE B. IT,3
NLP_User,SANTA BARBARA DELI,1
NLP_User,THE END OF THE NEXT BLOCK,2
NLP_User,SOUTH WEST,5
NLP_User,GOT SOUTHWEST,1
NLP_User,BEEKMAN,2
NLP_User,DRIVE,2
NLP_User,THE DUNKIN DONUTS,1
NLP_User,MORTON STREET,9
NLP_User,HENRIETTA HUDSON,3
NLP_User,HUDSON PARK LIBRARY,1
NLP_User,THE VERIZON BUILDING,1
NLP_User,USCGC LILAC,1
NLP_User,PARK AVENUE,39
NLP_User,ANN STREET,3
NLP_User,HYATT,13
NLP_User,BARNES AND NOBLE,1
NLP_User,CATHOLIC CHURCH,9
NLP_User,THE BATTERY PARK UNDERPASS,6
NLP_User,COLUMBUS PARK,5
NLP_User,JAVITA FEDERAL BUILDING,1
NLP_User,THE CORBIN BUILDING,4
NLP_User,JUST ABOUT HALF,1
NLP_User,BERSHKA,3
NLP_User,51ST,3
NLP_User,ABOUT EIGHT,3
NLP_User,CANDLEWOOD SUITES,2
NLP_User,MORAVIAN,1
NLP_User,BATTERY PARK UNDERPASS,5
NLP_User,THE BARNEYS NEW YORK,1
NLP_User,NORTH END AVENUE,4
NLP_User,THE IRISH HUNGER MEMORIAL,1
NLP_User,THE CROWNE PLAZA HOTEL,1
NLP_User,THE FAIRFIELD INN & SUITES,7
NLP_User,ALBERT,1
NLP_User,NORTH WEST,2
NLP_User,MACDOUGAL ST.,2
NLP_User,"THE ""LOOP STREETS",1
NLP_User,WALDORF-ASTORIA HOTEL,3
NLP_User,CRICKET WIRELESS,8
NLP_User,SECOND AVENUE,3
NLP_User,NORMAN THOMAS HIGH SCHOOL,1
NLP_User,APPROXIMATELY FOUR,1
NLP_User,LUDLOW STREET,10
NLP_User,MARTENS,4
NLP_User,BUDDHIST,1
NLP_User,TOURO COLLEGE,1
NLP_User,MULBERRY,7
NLP_User,EAST RIVER,3
NLP_User,LAST WEEK,4
NLP_User,WEST 8TH STREET,3
NLP_User,WASHINGTON SQUARE ARCH,5
NLP_User,CHRISTMAS,2
NLP_User,ED KOCH QUEENSBORO,1
NLP_User,METROPOLITAN CORRECTIONAL CENTER,1
NLP_User,WALGREENS,10
NLP_User,TREK BICYCLE,3
NLP_User,THE WEST SIDE HIGHWAY,2
NLP_User,MERCER STREET,7
NLP_User,RIZZOLI,1
NLP_User,THE FLATIRON BUILDING,2
NLP_User,THE UNION SQUARE PARK,1
NLP_User,THE VITAMIN SHOPPE,14
NLP_User,EAST 5TH,12
NLP_User,COFFEE PROJECT NY,2
NLP_User,TOY TOKYO,1
NLP_User,FOOTACTION,1
NLP_User,EAST 29TH,14
NLP_User,ABOUT 9,8
NLP_User,HERALD TOWERS,6
NLP_User,HERALD SQUARE,11
NLP_User,CHERRY STREET,4
NLP_User,THE POTTERY BARN,4
NLP_User,TD BANK,27
NLP_User,HERTZ,11
NLP_User,LESS THAN HALF,8
NLP_User,SHERATON,24
NLP_User,BAYARD STREET,10
NLP_User,SUNSHINE,1
NLP_User,NUDIE JEAN'S,1
NLP_User,THE M & T,1
NLP_User,PROHEALTH CARE CLINIC,1
NLP_User,GAZEBO,1
NLP_User,CLINTON STREET,16
NLP_User,FEDEX,27
NLP_User,14TH STREET LOOP,11
NLP_User,14TH STREET,4
NLP_User,THE MUSEUM OF JEWISH HERITAGE,2
NLP_User,THE SKYSCRAPER MUSEUM,1
NLP_User,WEST 65TH,5
NLP_User,FENDI,2
NLP_User,EAST 57TH,21
NLP_User,JEAN-GEORGES,1
NLP_User,TRUMP INTERNATIONAL HOTEL,3
NLP_User,TOWER,1
NLP_User,CONTINUE,1
NLP_User,MULBERRY STREET,31
NLP_User,BATTERY PARK,7
NLP_User,CHARLES SCHWAB,3
NLP_User,THE NATIONAL SEPTEMBER 11,3
NLP_User,MEMORIAL & MUSEUM,2
NLP_User,LIBERTY STREET BRIDGE,2
NLP_User,THE FININCAL DISTRICT,1
NLP_User,FULTON,4
NLP_User,EAST 37TH,7
NLP_User,FOUR,77
NLP_User,SOULCYCLE,12
NLP_User,THE MAGNET THEATER,3
NLP_User,CALVARY CHURCH,3
NLP_User,THE METROPOLITAN LIFE INSURANCE COMPANY TOWER,2
NLP_User,WEST 25TH,5
NLP_User,THE EUROPEAN WAX CENTER,10
NLP_User,WEST SIDE HIGHWAY,6
NLP_User,SAINT JOHN'S,3
NLP_User,PARK,6
NLP_User,FASHION OPTICAL,1
NLP_User,THE HOLIDAY INN,2
NLP_User,DELANCEY STREET,9
NLP_User,THE BARNES & NOBLE,1
NLP_User,MCDONALDS,5
NLP_User,CONVENIENCE,2
NLP_User,BROADWAY STREET,5
NLP_User,THE TWO CLOTHES SHOPS,1
NLP_User,SURROGATE,3
NLP_User,GRAND CENTRAL TERMINAL,5
NLP_User,VANDERBILT,3
NLP_User,FRED FRENCH,1
NLP_User,THE CATHOLIC CHRISTIAN CHURCH,1
NLP_User,TOWER 270,2
NLP_User,GIFT,1
NLP_User,ABOUT 1,4
NLP_User,FIDELITY,3
NLP_User,65TH STREET TRANSVERSE,5
NLP_User,UMPIRE ROCK,2
NLP_User,NEW YORK LIFE BUILDING,5
NLP_User,WONDERFUL SPA,1
NLP_User,SKYLINE CLEANERS,1
NLP_User,THOMPSON,9
NLP_User,32 AVENUE,2
NLP_User,W. 51ST,1
NLP_User,WASHINGTON JEFFERSON HOTEL,1
NLP_User,ABOUT 4 1/2,4
NLP_User,TIMES,3
NLP_User,ALMOST A HALF,1
NLP_User,LYCEE FRANCAIS DE NEW YORK,1
NLP_User,JOHN,3
NLP_User,OSLO COFFEE,1
NLP_User,LANZHOU RAMEN,1
NLP_User,THE LIN ZEXU,3
NLP_User,DOWNTOWN BOATHOUSE,1
NLP_User,BUSH,1
NLP_User,SWAROVSKI ON MADISON AVENUE,2
NLP_User,ALLEN EDMONDS,6
NLP_User,CITI,9
NLP_User,COLUMBIA,2
NLP_User,THE CHINESE RESTAURANT,1
NLP_User,SUNCITY,1
NLP_User,UNIVERSITY PLACE ST.,1
NLP_User,MANHATTAN BRIDGE,2
NLP_User,ZUCCOTTI PARK,7
NLP_User,LIBERTY PARK,9
NLP_User,BOW TIE,2
NLP_User,HOTEL CHELSEA,3
NLP_User,REBECCA SCHOOL,1
NLP_User,THE BED BATH & BEYOND,1
NLP_User,MURRAY STREET,7
NLP_User,CHARGEPOINT,6
NLP_User,BARNES & NOBLE,12
NLP_User,PERRY,1
NLP_User,PIER 46,1
NLP_User,EAST 24TH STREET,4
NLP_User,CLOROX,1
NLP_User,WHITEHALL STREET,4
NLP_User,NORDSTROM RACK,3
NLP_User,DOUBLETREE,8
NLP_User,DIVISION STREET,10
NLP_User,WEST 3RD,10
NLP_User,THE LOWER EAST SIDE,3
NLP_User,GREELEY SQUARE,1
NLP_User,KIMPTON,8
NLP_User,BLINK FITNESS,18
NLP_User,EAST 75TH,2
NLP_User,THE JAN HUS CHURCH,1
NLP_User,THE LE PAIN QUOTIDIEN,2
NLP_User,WEST 8TH,7
NLP_User,ESSEX STREET,10
NLP_User,POPEYES,3
NLP_User,CROCS,1
NLP_User,SKECHERS,1
NLP_User,WEST 54TH,7
NLP_User,THE FILM CENTER,3
NLP_User,MATTHEWS-PALMER PLAYGROUND,2
NLP_User,WEST 45TH,10
NLP_User,THE CONSERVATORY WATER,2
NLP_User,SAMUEL FINLEY BREESE MORSE,1
NLP_User,ABOUT THREE,13
NLP_User,ASIA SOCIETY,1
NLP_User,CHELSEA HISTORIC,1
NLP_User,HUDSON STREET,25
NLP_User,WASHINGTON SQUARE WEST,2
NLP_User,THE AC HOTEL,3
NLP_User,23RD,4
NLP_User,W. 40TH ST,1
NLP_User,W. 40TH ST.,1
NLP_User,WORLD FAMOUS GOURMET MARKET,1
NLP_User,CLARKS SHOES,1
NLP_User,EAST 76TH STREET,4
NLP_User,JAMES A. FARLEY BUILDING,1
NLP_User,WEST 42ND,17
NLP_User,TWO AND A HALF,3
NLP_User,AMSTERDAM AVE,4
NLP_User,EAST 80TH,1
NLP_User,WHITE STREET,1
NLP_User,SPRING,7
NLP_User,ADIDAS,6
NLP_User,MURRAY,5
NLP_User,THE DOWNTOWN VET CLINIC,1
NLP_User,ONE AND A HALF,8
NLP_User,BED BATH & BEYOND,7
NLP_User,WAGNER PARK,7
NLP_User,PRADA,2
NLP_User,DENTISTS,1
NLP_User,61ST STREET,1
NLP_User,THE LIBERTY STREET BRIDGE,4
NLP_User,ALMOST 4,3
NLP_User,LAST NIGHT,3
NLP_User,CVS PHARMACY,5
NLP_User,WASHINGTON MARKET PARK,4
NLP_User,NOBLE,3
NLP_User,SAINT MICHAEL'S,1
NLP_User,SAINT PATRICK'S,4
NLP_User,UNIS,1
NLP_User,WESTWOOD GALLERY,2
NLP_User,EAST 13THE STREET,1
NLP_User,TIMES SQUARE PLAZA,1
NLP_User,NORTHWELL HEALTH-GOHEALTH URGENT CARE,1
NLP_User,SPRUCE STREET,1
NLP_User,EAST HOUSTON,10
NLP_User,AFFINIA HOTELS,18
NLP_User,DUANE ST.,1
NLP_User,CITY STORE,3
NLP_User,AVENUE A.,3
NLP_User,EUROPEAN WAX,3
NLP_User,MADISON SQUARE,6
NLP_User,FLATIRON BUILDING,2
NLP_User,KENMARE STREET,6
NLP_User,CHARM NYC HAT SHOP,1
NLP_User,EAST 21ST,5
NLP_User,SEVEN,15
NLP_User,HUDSON RIVER GREENWAY,2
NLP_User,MID-MANHATTAN LIBRARY,3
NLP_User,TIMES SQUARE TOWER,2
NLP_User,THE NEW YORK TIMES BUILDING,6
NLP_User,MARQUIS DE LAFAYETTE,1
NLP_User,SCOTCH AND SODA,2
NLP_User,LENOX,1
NLP_User,INDONESIAN,1
NLP_User,CHATHAM SQUARE/BOWERY,1
NLP_User,MACDOUGAL,3
NLP_User,A.P.C,2
NLP_User,METRO,6
NLP_User,KRISHNA TEMPLE,1
NLP_User,MIDDLE COLLEGIATE CHURCH KEEP,1
NLP_User,VETERANS,1
NLP_User,GANSEVOORT STREET,6
NLP_User,WINTER GARDEN THEATER,2
NLP_User,CARNEGIE HALL,1
NLP_User,BURTON,4
NLP_User,THE SHOE REPAIR SHOP,1
NLP_User,EXCHANGE PLACE,3
NLP_User,PHILLY PRETZEL,1
NLP_User,JUST OVER 3,1
NLP_User,FDC INC FASHION DEV,1
NLP_User,FAIRFIELD INN & SUITES,6
NLP_User,HOLLAND,6
NLP_User,LA QUINTA INN,2
NLP_User,ABOUT TEN,3
NLP_User,HYATT HOTELS,1
NLP_User,THE GAP,1
NLP_User,STONE STREET,8
NLP_User,THE BLOCK ADVISORS,1
NLP_User,A RESIDENCE INN,1
NLP_User,SOBA NOODLE AZUMA,1
NLP_User,ALMOST ONE,1
NLP_User,MORSE,1
NLP_User,THE KEY FOOD,1
NLP_User,OUTBACK STEAKHOUSE,2
NLP_User,CHELSEA PIERS,3
NLP_User,THE NEW YORK SCHOOL OF INTERIOR DESIGN,1
NLP_User,THE ZABAR ART LIBRARY,1
NLP_User,CHURCH OF ST. VINCENT FERRER,1
NLP_User,MACKAGE,1
NLP_User,DENE,1
NLP_User,BUCCLLATI,1
NLP_User,THE FIRST HUNGARIAN REFORMED CHURCH,1
NLP_User,THE MEMORIAL SLOAN KETTERING CANCER CENTER,1
NLP_User,CENTRAL PARK WEST,6
NLP_User,NOMAD,6
NLP_User,ROSE HILL,2
NLP_User,WEST END AVENUE,3
NLP_User,EAST 47TH STREET,9
NLP_User,VENDING,1
NLP_User,LABCORP,7
NLP_User,WARREN STREET,8
NLP_User,USPS,12
NLP_User,HOUSING WORKS THRIFT SHOP,2
NLP_User,EPISCOPAL,8
NLP_User,MARRIOTT DOWNTOWN,1
NLP_User,THE GRAND HYATT HOTEL,2
NLP_User,REGAL CINEMAS,2
NLP_User,KAY JEWELERS,3
NLP_User,NEW YORK UNIVERSITY,9
NLP_User,MERCURY,1
NLP_User,THE GRAND HYATT,7
NLP_User,BLEEKER STREET,8
NLP_User,UNCLE,1
NLP_User,COENTIES ALLEY,3
NLP_User,EAST 42ND STREET,9
NLP_User,THE LEXINGTON AVENUE,1
NLP_User,FEW YARDS,1
NLP_User,DISNEY STORE,2
NLP_User,AFTERNOON,1
NLP_User,MANDARIN ORIENTAL,4
NLP_User,MONTANA GRILL,1
NLP_User,BROOKS BROTHERS,9
NLP_User,THE BOWLING GREEN,2
NLP_User,PLANET FITNESS,8
NLP_User,GREENERY,6
NLP_User,WEST 53RD,15
NLP_User,THE CURIO COLLECTION,6
NLP_User,HAYMAKER,2
NLP_User,BARCLAY STREET,6
NLP_User,THE ONE WORLD TRADE CENTER,1
NLP_User,WASHINGTON PLACE,6
NLP_User,WEST 50TH STREET,15
NLP_User,BULGARI,1
NLP_User,FIFTH AVENUE,3
NLP_User,LE PAIN QUOTIDIEN,2
NLP_User,WEST BROADWAY STREET,3
NLP_User,G-STAR RAW,2
NLP_User,CITIBIKE,7
NLP_User,THE ASIA SOCIETY,1
NLP_User,UPPER WEST,1
NLP_User,WHITEHORSE TAVERN,1
NLP_User,SAMSUNG,2
NLP_User,SWEETGREEN,5
NLP_User,A MATTER OF HEALTH,1
NLP_User,DIVISION,2
NLP_User,MADISON STREET,19
NLP_User,PRESBYTERIAN,9
NLP_User,RUTGERS HOUSES,1
NLP_User,MINI,1
NLP_User,7TH AVENUE SOUTH,8
NLP_User,A DUANE READE PHARMACY,9
NLP_User,MARIMEKKO,1
NLP_User,CHINATOWN FAIR,1
NLP_User,EAST 75TH STREET,3
NLP_User,THE PARK EAST,2
NLP_User,MOBIL,6
NLP_User,WATTS STREET,9
NLP_User,17TH,1
NLP_User,RUBIN MUSEUM OF ART,1
NLP_User,MAIDEN,4
NLP_User,FLETCHER,1
NLP_User,CHICK,2
NLP_User,UNIVERSITY PLACE,16
NLP_User,WEST HUSTON STREET,1
NLP_User,BIRCH COFFEE,1
NLP_User,JOHN STREET NORTH-EAST,1
NLP_User,EAST 63RD STREET,3
NLP_User,WEST 15TH STREET,1
NLP_User,THE LOWER EAST SIDE TENEMENT,1
NLP_User,CHERRY,2
NLP_User,FRAUNCES TAVERN MUSEUM,1
NLP_User,THE CUNARD BUILDING,1
NLP_User,ICON PARKING,1
NLP_User,BEANIE,1
NLP_User,COFFEE,3
NLP_User,THE VERIZON WIRELESS,2
NLP_User,WOOSTER STREET,6
NLP_User,DOC MARTENS,1
NLP_User,R.M. WILLIAMS,5
NLP_User,6TH AVE,1
NLP_User,79TH,4
NLP_User,ONLY ABOUT A FOURTH,1
NLP_User,THE JAVITS FEDERAL BUILDING,2
NLP_User,THE DOUBLETREE HOTEL,1
NLP_User,HOLLISTER,2
NLP_User,THE FRENCH CONNECTION,3
NLP_User,POTTER BUILDING,1
NLP_User,THE CIVIC CENTER,1
NLP_User,WEST 21ST,5
NLP_User,LINCOLN TOWERS,3
NLP_User,WEST 75TH,5
NLP_User,THE CENTRAL PARK OUTER LOOP,1
NLP_User,THE RITZ-CARLTON,3
NLP_User,THE MIDDLE OF TWO,1
NLP_User,CHRYSTIE STREET,10
NLP_User,MENCIUS SOCIETY,1
NLP_User,ARTS,2
NLP_User,VANITY PROJECTS,1
NLP_User,EAST 73RD STREET,4
NLP_User,CHOPT,4
NLP_User,WASHINGTON SQUARE NORTH,3
NLP_User,THAI TERMINAL,1
NLP_User,MUJI,8
NLP_User,SEMINARY,2
NLP_User,THE AMERICAN FOLK ART MUSEUM,2
NLP_User,THE CHRYSLER BUILDING,1
NLP_User,EAST 52ND,5
NLP_User,CASA,1
NLP_User,THE CITY WINERY,1
NLP_User,VADAM STREET,1
NLP_User,44TH,1
NLP_User,THE DRINKING WATER,2
NLP_User,LUTHERAN CHURCH,3
NLP_User,WEST BANK,2
NLP_User,SALLY BEAUTY,1
NLP_User,79TH STREET TRANSVERSE,3
NLP_User,A CITI BIKE,9
NLP_User,VESEY STREET,5
NLP_User,THE ANTIQUE GARAGE CAFE ON MERCER STREET,1
NLP_User,ALMOST 6,1
NLP_User,LITTLE ITALY,4
NLP_User,WAGNER,2
NLP_User,HEXIGON,1
NLP_User,SINGAS FAMOUS PIZZA,1
NLP_User,GREELEY SQUARE PARK,1
NLP_User,THE FLOWER DISTRICT,1
NLP_User,1881,1
NLP_User,THE NBA STORE,1
NLP_User,MERCEDES BENZ,2
NLP_User,11TH,2
NLP_User,THE GODIVA CHOCOLATE,1
NLP_User,THE ABSOLUTE GREET FOOD TRUCK,1
NLP_User,HOLIDAY INN EXPRESS,1
NLP_User,GREGORY,2
NLP_User,ABOUT 16,3
NLP_User,CHARLTON STREET,6
NLP_User,WINSTON CHURCHILL SQUARE,1
NLP_User,GREENE STREET,11
NLP_User,UNIVERSITY,7
NLP_User,SEVENTEEN BENCHES,1
NLP_User,BURLINGTON HOUSE,1
NLP_User,HOTEL WOLCOTT,5
NLP_User,EAST 34TH,23
NLP_User,EAST 67TH,6
NLP_User,PARK EAST,1
NLP_User,8 AND A HALF,1
NLP_User,THE PARKING ENTRANCE,1
NLP_User,THE MO-SU,1
NLP_User,TIBETAN,1
NLP_User,EAST 1ST,7
NLP_User,KNISH BAKERY,4
NLP_User,THE WOK TO WALK,1
NLP_User,KOREAN,5
NLP_User,NORTH MOORE,3
NLP_User,CITYIBANK,1
NLP_User,SALLY,4
NLP_User,HOGAN,2
NLP_User,ABOUT SIX,7
NLP_User,ST. ANDREWS PLAZA,2
NLP_User,ST. ANDREW CHURCH,1
NLP_User,REDBURY,1
NLP_User,EAST 66TH,7
NLP_User,LESS THAN ONE,1
NLP_User,RAYMOUR & FLANIGAN,1
NLP_User,WEST 49TH STREET,7
NLP_User,LOFT,5
NLP_User,GRAMERCY PARK EAST,1
NLP_User,LITTLE WEST 12TH,2
NLP_User,WEST 48TH STREET,4
NLP_User,JUST TWO,3
NLP_User,EAST 68TH STREET,5
NLP_User,CHATHAM SQUARE,5
NLP_User,NORTH COVE HARBOR,1
NLP_User,SAINT MARKS PLACE,2
NLP_User,LIBERTY ST.,1
NLP_User,OISHI BAY,2
NLP_User,29TH,1
NLP_User,4 1/2,4
NLP_User,RIDGE STREET,1
NLP_User,9/11,5
NLP_User,ASAP,1
NLP_User,RECTOR STREET,1
NLP_User,CURIO,1
NLP_User,EAST 59TH,9
NLP_User,2ND AVE,3
NLP_User,UNITED STATES POSTAL SERVICE,2
NLP_User,INDIAN,18
NLP_User,72ND STREET,2
NLP_User,BLOOMINGDALE'S,4
NLP_User,DUTCH,1
NLP_User,EAST 4ST,1
NLP_User,ATHLETA,2
NLP_User,WEST 70TH,3
NLP_User,PARK CENTRAL HOTEL,2
NLP_User,THE  CITYMD CLINIC,1
NLP_User,NEW YORK PUBLIC LIBRARY,15
NLP_User,417 FOOT,1
NLP_User,BRYANT PARK FAST FOOD RESTAURANT,1
NLP_User,REPUBLIC BANK,1
NLP_User,ABOUT 12,4
NLP_User,ST. GO NORTH,1
NLP_User,MOSCO STREET,1
NLP_User,DELURY SQUARE,3
NLP_User,AVENUE A. IT'S,4
NLP_User,KATZ,1
NLP_User,DELICATESSEN,2
NLP_User,UMBRELLA,1
NLP_User,THE INTEGRAL YOGA INSTITUTE,1
NLP_User,THE ATLANTIC STAGE 2 THEATER,1
NLP_User,THE MUSEUM OF ILLUSIONS,2
NLP_User,THE HUNGER MEMORIAL,1
NLP_User,POLO RALPH LAUREN,5
NLP_User,GEORGE DEWEY,1
NLP_User,HISTORIC FORT,1
NLP_User,SMITH & WOLLENSKY STEAK HOUSE,1
NLP_User,THE NATIONAL MUSEUM OF THE AMERICAN INDIAN,1
NLP_User,ELEVEN,3
NLP_User,EAST 64TH,7
NLP_User,THE SHERATON HOTEL,2
NLP_User,THE RESIDENCE INN,5
NLP_User,BP GAS,1
NLP_User,GREEK,8
NLP_User,GERALD SCHOENFELD,1
NLP_User,AERIE,4
NLP_User,RICKY'S NYC,1
NLP_User,BARROW STREET,5
NLP_User,FIVE GUYS,2
NLP_User,10TH,7
NLP_User,CAPITAL,2
NLP_User,ASTOR PLACE,6
NLP_User,FREE PEOPLE CLOTHES,1
NLP_User,THE CENTRAL SYNAGOGUE,1
NLP_User,THE CORT THEATRE,1
NLP_User,ABOUT 11,5
NLP_User,36TH,1
NLP_User,OLDO,1
NLP_User,STANTON,4
NLP_User,CAMPER,5
NLP_User,EXCHANGE,3
NLP_User,THE ROOSEVELT ISLAND TRAM,1
NLP_User,THE LINCOLN CENTER,2
NLP_User,SOLA SALONS,6
NLP_User,EUROPEAN WAX CENTER,8
NLP_User,THE UPS STORE,4
NLP_User,EAST 18TH,4
NLP_User,TACO,1
NLP_User,VEGGIE GRILL,1
NLP_User,TIFFANY & COMPANY,6
NLP_User,THE EAST RIVER,10
NLP_User,MAIDEN LAINE,1
NLP_User,HELEN MCALLISTER,2
NLP_User,MORANDI,1
NLP_User,LAST WEEKEND,1
NLP_User,TODAY,2
NLP_User,SOSA BORELLA,1
NLP_User,THE NEIL SIMON THEATER,1
NLP_User,ABOUT 15,10
NLP_User,PLANNED PARENTHOOD,5
NLP_User,QUINTA INN,2
NLP_User,47TH STREET,1
NLP_User,LIGHT,1
NLP_User,KRIS GRAPHICS,1
NLP_User,WEST 21ST STREET,4
NLP_User,NIKE,7
NLP_User,ABOUT 13,4
NLP_User,EAST DRIVE,5
NLP_User,WEST 71ST,3
NLP_User,WEST 11TH,11
NLP_User,GIUSEPPE VERDI MONUMENT,1
NLP_User,LOWER MANHATTAN,7
NLP_User,’S LACOSTE,1
NLP_User,THE UNIVERSITY ON THE SOUTH,1
NLP_User,EAST 16TH,7
NLP_User,DECIEM,3
NLP_User,B.B. KING BLUES CLUB & GRILL,1
NLP_User,SOUTH PAST 1717,1
NLP_User,53RD STREET,3
NLP_User,ABOUT A DOZEN,3
NLP_User,THE TRUMP INTERNATIONAL HOTEL AND,1
NLP_User,THE EMPIRE HOTEL,3
NLP_User,THE POLO RALPH LAUREN,1
NLP_User,WESTIN,15
NLP_User,LEROY,4
NLP_User,ONLY ABOUT 2 AND A HALF,1
NLP_User,EAST 24TH,7
NLP_User,STUYVESANT TOWN,4
NLP_User,VA HOSPITAL,1
NLP_User,EPIPHANY LIBRARY,1
NLP_User,THE SCHOOL OF VISUAL ARTS,1
NLP_User,GRAMERCY THEATRE,2
NLP_User,THE CREDIT SUISSE BANK,1
NLP_User,ST. BARTHOLOMEW'S,1
NLP_User,LANGHAM,2
NLP_User,A FITNESS CENTRE,1
NLP_User,FARIDA,1
NLP_User,DOLCE,1
NLP_User,LEXINGTON BAR,1
NLP_User,GREEN CART,1
NLP_User,WEST 16TH STREET,7
NLP_User,XI'AN FAMOUS FOODS,1
NLP_User,HISTORIC,3
NLP_User,CHEMIST,1
NLP_User,LE MÉRIDIEN,1
NLP_User,THE JAMES A. FARLEY BUILDING,1
NLP_User,THE GALLERY ON CANAL,1
NLP_User,THE SEWARD PARK LIBRARY,1
NLP_User,THE MUSEUM AT ELDRIDGE STREET,2
NLP_User,FINANCIAL DISTRICT,1
NLP_User,READE,4
NLP_User,PELL,1
NLP_User,PIZZA,2
NLP_User,HESTER STREET,9
NLP_User,HOWARD JOHNSON,4
NLP_User,EAST 50TH STREET,4
NLP_User,LOTTE HOTELS,1
NLP_User,RESORTS,1
NLP_User,CONVERSE SHOES,1
NLP_User,ABOUT 5 1/2,1
NLP_User,COPYSHOP,1
NLP_User,THE DISTINGUISHED WAKAMBA LOUNGE,1
NLP_User,9 1/2,1
NLP_User,THE RESEARCH INSTITUTE,1
NLP_User,DUTCH STREET,1
NLP_User,PERFORMING ARTS CENTER,1
NLP_User,CONRAD,1
NLP_User,70TH,1
NLP_User,ROMAN CATHOLIC CHURCH,7
NLP_User,TURKISH,5
NLP_User,3 AND A HALF,2
NLP_User,THE NORTH FACE,8
NLP_User,AVIS CAR RENTAL,2
NLP_User,THE BLUE BOTTLE COFFEE,1
NLP_User,2ND PLACE,4
NLP_User,THE NEW YORK THEATRE WORKSHOP,3
NLP_User,DANTE,2
NLP_User,THE COURTYARD MARRIOT,1
NLP_User,THE ROOFTOP PARK,1
NLP_User,EAST 51ST STREET,1
NLP_User,PARSONS THE NEW SCHOOL FOR DESIGN,1
NLP_User,THE ORANGETHEORY FITNESS,1
NLP_User,ESSEX,5
NLP_User,THE REGAL CINEMAS,2
NLP_User,55TH,1
NLP_User,SONY,3
NLP_User,24TH,1
NLP_User,MONACO,2
NLP_User,JACADI,1
NLP_User,EAST RIVER PLAYGROUND,1
NLP_User,THE CENTER FOR NEURAL SCIENCE,1
NLP_User,OSCAR,1
NLP_User,EAST 37TH STREET,1
NLP_User,THE SHEEN CENTER,1
NLP_User,MUJI. BANK OF AMERICA,1
NLP_User,TARAS SHEVCHENKO PLACE,1
NLP_User,GREEN GARDEN BUFFET,1
NLP_User,KISH KASH,1
NLP_User,W. 13TH ST.,1
NLP_User,UNIQLO,6
NLP_User,UKRAINIAN,1
NLP_User,OVER 2,2
NLP_User,DOMINO,13
NLP_User,THE LITTLE PIE COMPANY,1
NLP_User,ORCHARD ALLEY GARDEN,1
NLP_User,60TH,2
NLP_User,CLARKS,2
NLP_User,AVENUE A,6
NLP_User,FRIAR'S CLUB,1
NLP_User,BLOOMBERG TOWER,3
NLP_User,WEST 43ND,1
NLP_User,WEST 61ST,8
NLP_User,EAST 41TH,1
NLP_User,BEAUTY SUPPLY,1
NLP_User,THE PNC BANK,1
NLP_User,LOBSTER,1
NLP_User,BICYCLE RENTAL,2
NLP_User,CAPITAL ONE,11
NLP_User,THE CENTRAL PARK ZOO,5
NLP_User,THE KOSCIUSZKO FOUNDATION,1
NLP_User,WANNA,3
NLP_User,A CASABLANCA HOTEL,1
NLP_User,20TH STREET,1
NLP_User,THE SAINT JAMES PLACE,1
NLP_User,PAYNE WHITNEY HOUSE,1
NLP_User,WEST DRIVE,8
NLP_User,THE HILTON NEW YORK MIDTOWN,2
NLP_User,THE MUSEUM OF MODERN ART,2
NLP_User,SCOTCH & SODA,9
NLP_User,ST. JOSEPH'S CHURCH,2
NLP_User,THE M&T BANK,1
NLP_User,WENDY'S,2
NLP_User,THE CITY WINERY NEW YORK,2
NLP_User,CARMINE STREET,5
NLP_User,LOREN ANN MAYO,2
NLP_User,CHARLES STREET,3
NLP_User,GRAND ST.,1
NLP_User,A NYC COMMUNITY CENTER,1
NLP_User,MICHAELS,3
NLP_User,BONCHON CHICKEN,1
NLP_User,CUNY GRADUATE SCHOOL AND UNIVERSITY CENTER,1
NLP_User,WEST 11TH STREET,7
NLP_User,STARBUCKS CAFE,7
NLP_User,THE METROPOLITAN MUSEUM OF ART,3
NLP_User,THE RICE N BEANS BRAZILIAN,1
NLP_User,EAST 34TH STREET,7
NLP_User,SALVATION ARMY,3
NLP_User,THE CATHOLIC CHURCH,7
NLP_User,E. 3RD ST.,1
NLP_User,MEDITERRANEAN,5
NLP_User,TRUE VALUE,11
NLP_User,THE BLUE NOTE JAZZ CLUB,1
NLP_User,FIRST AVENUE LOOP,3
NLP_User,NYU DENTISTRY,1
NLP_User,CORINTHIAN,3
NLP_User,MATTRESS,1
NLP_User,OLD NAVY,2
NLP_User,LUNT-FONTANNE THEATRE,2
NLP_User,ECONO LODGE,5
NLP_User,JOE & THE JUICE,1
NLP_User,MEMORIAL,2
NLP_User,3RD PLACE,3
NLP_User,ZALES,2
NLP_User,ALMOST TWO,5
NLP_User,BOXERS BAR,1
NLP_User,DAVIDSTEA,2
NLP_User,EAST 53RD STREET,6
NLP_User,MIDTOWN EAST,1
NLP_User,HOGAN PLACE,2
NLP_User,DANIEL PATRICK,2
NLP_User,TOMPKIN SQUARE PARK,2
NLP_User,AVENUE C,6
NLP_User,THE THERESA BYRNES GALLERY,1
NLP_User,HINDI,1
NLP_User,EAST 62ND,8
NLP_User,SEAMAN’S CHURCH INSTITUTE,1
NLP_User,TACO BELL,3
NLP_User,THE TACO BELL,1
NLP_User,THE NIGHT HOTEL TSQ,1
NLP_User,THE DREAM HOTEL GROUP,1
NLP_User,THE HOTEL RIU,1
NLP_User,MAISON,1
NLP_User,CITI BIKE ST MARKS PL & 2 AVE,1
NLP_User,E. 5TH ST.,1
NLP_User,THE HELLO BANANA VINTAGE,1
NLP_User,TATSU RAMEN,1
NLP_User,INTERCONTINENTAL,3
NLP_User,THE MANHATTAN MALL,5
NLP_User,SANTANDER,5
NLP_User,PIER 57,1
NLP_User,BATH & BODY,1
NLP_User,NEW ERA,1
NLP_User,THE OUTBACK AND HOME DEPOT,1
NLP_User,GRANT STREET,1
NLP_User,E. 71ST,1
NLP_User,MARY MANNING WALSH HOME,1
NLP_User,WINTER VILLAGE,1
NLP_User,ABOUT A THIRD,2
NLP_User,RUSS & DAUGHTERS,2
NLP_User,CANDY STORE,2
NLP_User,ST. NICHOLAS OF MYRA ORTHODOX CHURCH,1
NLP_User,LAIGHT STREET,4
NLP_User,MMUSEUMM 1,1
NLP_User,BUFFALO EXCHANGE,4
NLP_User,EAST 27TH,5
NLP_User,KATE SPADE NEW YORK,3
NLP_User,VANS,11
NLP_User,THREE AND A HALF,3
NLP_User,LEADING HOTELS OF,1
NLP_User,BEDFORD,1
NLP_User,WEST 46TH ST.,1
NLP_User,HENRI BENDEL,1
NLP_User,THE WYNDHAM HOTEL,1
NLP_User,EAST 45TH,7
NLP_User,WENDY,4
NLP_User,THE MOTT OPTICAL GROUP,5
NLP_User,ABOUT FIVE,12
NLP_User,THE PAOLA POGGI SUNSHINE,1
NLP_User,THE GARMENT DISTRICT,3
NLP_User,CROWNE PLAZA,8
NLP_User,PALACE THEATER,1
NLP_User,COOPER SQUARE,6
NLP_User,MUJI AND CRUNCH FITNESS,1
NLP_User,DUANE,4
NLP_User,SHIRLEY GOODMAN RESOURCE CENTER,1
NLP_User,UNIVERSITY VILLAGE,4
NLP_User,THE UNITED NATIONS POST OFFICE,1
NLP_User,CITY MD,2
NLP_User,AFFINA,1
NLP_User,A FEW FEET,4
NLP_User,THE HAMPTON HOTEL,6
NLP_User,72ND STREET SUBWAY STATION,2
NLP_User,HARRISON STREET,1
NLP_User,WASHINGTON STREET,7
NLP_User,THE DOWNTOWN CLUB,1
NLP_User,THE WORLD FAMOUS GOURMET MARKET,1
NLP_User,THE SAGO HOTEL,1
NLP_User,HOUSTON STREET,6
NLP_User,EAST 50TH,2
NLP_User,THE WALDORF ASTORIA,1
NLP_User,POTTERY,1
NLP_User,WILLIAMS ST.,1
NLP_User,1932,1
NLP_User,ALBERT CAPSOUTO PARK,4
NLP_User,NUMBER 10,1
NLP_User,ST. ANTHONY OF,2
NLP_User,MACDOUGAL-SULLIVAN GARDENS,1
NLP_User,DISTRICT PARK,1
NLP_User,THE BATTERY PLACE MARKET,1
NLP_User,SOUTH COVE,2
NLP_User,JOHN STREET,15
NLP_User,WORTH,2
NLP_User,COLLECT POND,1
NLP_User,JEWISH,8
NLP_User,PRINCE STREET,7
NLP_User,JOHN FLUEVOG,5
NLP_User,CARHARTT WIP,1
NLP_User,THE PIERRE HOTEL,1
NLP_User,FDNY,1
NLP_User,THREE QUARTERS,1
NLP_User,THE LUNT-FONTANNE THEATRE,1
NLP_User,THE END OF 1ST,2
NLP_User,VIETNAMESE,8
NLP_User,ALDO,14
NLP_User,ROCKEFELLER,2
NLP_User,VITAMIN SHOPPE,3
NLP_User,EAST 63RD,5
NLP_User,SPACE 62 MARKET,1
NLP_User,TRADER JOE’S,1
NLP_User,VEERAY DHABA,1
NLP_User,TEDDY ROOSEVELT,1
NLP_User,UPRIGHT,1
NLP_User,EAST 44TH,10
NLP_User,WEST 44TH STREET,2
NLP_User,THE NEW DRAMATISTS THEATER,1
NLP_User,ARMY,1
NLP_User,NETFLIX,1
NLP_User,PARIS THEATRE,1
NLP_User,WEST 14 STREET,1
NLP_User,THE HOTEL GANSEVOORT,1
NLP_User,EAST 19TH,6
NLP_User,THE WILLIAM HENRY SEWARD MONUMENT,3
NLP_User,ADORAMA,2
NLP_User,THE YESHIVA UNIVERSITY MUSEUM,1
NLP_User,RIVER TERRACE,1
NLP_User,THE EAST 20TH,1
NLP_User,DOMINOS,3
NLP_User,SCHWARTZ PLAZA,1
NLP_User,THE BEGINNING OF THE,1
NLP_User,67TH,6
NLP_User,WALKER STREET,10
NLP_User,WEST 51ST STREET,6
NLP_User,EAST 25TH STREET,7
NLP_User,EAST 54TH STREET,3
NLP_User,ORTHODOX CHURCH,1
NLP_User,THE W HOTELS,2
NLP_User,R.M.WILLIAMS,3
NLP_User,DORITOS,1
NLP_User,THE LA PLAZA CULTURAL,1
NLP_User,ARLO HOTELS,6
NLP_User,TRINITY CHURCH,1
NLP_User,RED CUBE,5
NLP_User,FIVE AND A HALF,1
NLP_User,STAPLES,5
NLP_User,SUSHI NOZ,1
NLP_User,VERISON WIRELESS,2
NLP_User,NEXT MONTH,1
NLP_User,A KING FU TEA,1
NLP_User,BOWERY STREET,1
NLP_User,FIRST HUNGARIAN REFORMED CHURCH,1
NLP_User,ST. CATHERINE OF,1
NLP_User,SIENA CHURCH,1
NLP_User,CAFE CLUNY,1
NLP_User,WEST 12TH,4
NLP_User,EAST 59TH STREET,1
NLP_User,GOUVERNEUR LANE,3
NLP_User,WILLIAMSBURG BRIDGE,1
NLP_User,TOP NOTCH LOCKSMITH & SECURITY,1
NLP_User,THE SOHO GRAND HOTEL,2
NLP_User,DUANE PARK,2
NLP_User,HUNDSON STREET,1
NLP_User,SCHOOL,1
NLP_User,DAKOTA,2
NLP_User,LE PAIN QUOTIDIEN CAFE,2
NLP_User,CLOSE TO,1
NLP_User,THE MIDDLE COLLEGIATE CHURCH,1
NLP_User,ROMAN CATHOLIC,13
NLP_User,CASA DE MONTECRISTO,2
NLP_User,NORTH END,1
NLP_User,HAMPTON INN,4
NLP_User,STATE,3
NLP_User,HUDSON BOULEVARD,1
NLP_User,GRAND CENTRAL,3
NLP_User,NORTH OF BANK OF AMERICA,1
NLP_User,A WALGREENS PHARMACY,2
NLP_User,TREK BICYCLE SHOP,1
NLP_User,WYNDHAM HOTEL,3
NLP_User,NORTHEAST OF THIS STARBUCKS,1
NLP_User,CROWNE PLAZA HOTEL,1
NLP_User,BLEECKER ST.,1
NLP_User,THE EAST 78TH,1
NLP_User,DUNKIN DONUTS,7
NLP_User,THE TALENT UNLIMITED HIGH SCHOOL,1
NLP_User,SHAARAY TEFILA,2
NLP_User,EVEREST,1
NLP_User,THE UNITARIAN CHURCH,1
NLP_User,OWL'S TAIL,1
NLP_User,WHITE GOLD BUTCHERS,2
NLP_User,RITE AID PHARMACY,2
NLP_User,AN ARMENIAN CHURCH,2
NLP_User,BARROW,1
NLP_User,COLUMBIA STREET,3
NLP_User,BROOKLYN-BATTERY TUNNEL,2
NLP_User,WEST 52ND STREET,1
NLP_User,MIDDLE COLLEGIATE CHURCH,1
NLP_User,CHAMBER,1
NLP_User,31ST,1
NLP_User,REEBOK,4
NLP_User,EAST 48TH,9
NLP_User,MARRIOTT HOTEL,2
NLP_User,WEILL CORNELL MEDICAL COLLEGE,1
NLP_User,MATHEWS,1
NLP_User,PLAYGROUND,4
NLP_User,THE END OF EAST 5TH STREET,1
NLP_User,SCHOOLS,1
NLP_User,C-TOWN SUPERMARKETS,6
NLP_User,ROCKEFELLER UNIVERSITY,3
NLP_User,69TH REGIMENT ARMORY,3
NLP_User,EASTWARD,1
NLP_User,IRISH,3
NLP_User,A GEM HOTEL,2
NLP_User,PIER 45,1
NLP_User,CHRISTOPHER,5
NLP_User,CITY HALL,3
NLP_User,MORSE BUILDING,1
NLP_User,THE HOTEL INDIGO,1
NLP_User,WEST 14TH STREET,1
NLP_User,RENT THE RUNWAY,1
NLP_User,MORE THAN HALF,3
NLP_User,CHRISTIAN LOUBOUTIN,2
NLP_User,80TH STREET,1
NLP_User,COUNCIL ON FOREIGN,2
NLP_User,PIER I. THE,1
NLP_User,ALMOST 3,1
NLP_User,MARKET STREET,6
NLP_User,THE FULTON CARE PHARMACY ON DIVISION ST.,1
NLP_User,AT LEAST 2,1
NLP_User,ABOUT 1.5,2
NLP_User,MILL HOUSE,3
NLP_User,NO.1,3
NLP_User,CHEALSEA PIERS,1
NLP_User,POUR,2
NLP_User,TONIGHT,5
NLP_User,BURGER KING,2
NLP_User,WEST 37TH STREET,5
NLP_User,PIKE STREET,2
NLP_User,PIKE,1
NLP_User,PELL STREET,4
NLP_User,TWO AND FIVE,1
NLP_User,THE CAFE NORTHEAST,4
NLP_User,INATESSO,1
NLP_User,BODHI,1
NLP_User,NORFOLK STREET,1
NLP_User,THE EUROPEAN WAX CENTRE,1
NLP_User,CHASE BANK ON EAST 62ND STREET,1
NLP_User,ROMAN,2
NLP_User,COOPER ELECTRIC,2
NLP_User,THE JEKYLL AND,1
NLP_User,THE URBAN OUTFITTERS,1
NLP_User,CLUB QUARTERS,1
NLP_User,NORTH FACE,2
NLP_User,THE VINEYARD VINES,1
NLP_User,CIRCLE,2
NLP_User,THE SAINT PAUL'S CHAPEL,1
NLP_User,THOMAS KELLER,1
NLP_User,PARK HYATT NEW YORK,1
NLP_User,LAIGHT,1
NLP_User,CHURCH STREET STATION POST OFFICE,1
NLP_User,EAST 49TH,1
NLP_User,FRONT STREET,8
NLP_User,CEDAR HILL,1
NLP_User,LAKE,3
NLP_User,STRAWBERRY FIELDS,1
NLP_User,WAVERLY PLACE,4
NLP_User,LIBRARY,6
NLP_User,SCHWINNS,1
NLP_User,LESS THAN TWO,3
NLP_User,QUIK PARK,1
NLP_User,THOMPSON HOTELS,3
NLP_User,ONLY 2,2
NLP_User,MONROE MARKET,4
NLP_User,WESTSIDE THEATRE,1
NLP_User,THE HIGH LINE,3
NLP_User,EAST 35TH,4
NLP_User,LESS THAN 3,1
NLP_User,THE HEAVENLY MARKET AND SOUTH OF THE CLOUDS,1
NLP_User,W 13TH,1
NLP_User,THE PRESBYTERIAN CHURCH,3
NLP_User,THE CHANIN BUILDING,1
NLP_User,AFFINIA,1
NLP_User,SAKS FIFTH AVENUE,4
NLP_User,E. 55TH ST.,1
NLP_User,W. 62ND ST.,1
NLP_User,GAONNURI,1
NLP_User,2 BENCHES,3
NLP_User,INN EXPRESS,2
NLP_User,THE WESTWOOD GALLERY,2
NLP_User,COLLECTION,1
NLP_User,THE CITY BIKE,2
NLP_User,WEST WASHINGTON,2
NLP_User,GROVE,1
NLP_User,TOILETS,4
NLP_User,THE END OF WEST 13TH,1
NLP_User,FARTHER SOUTHWEST,1
NLP_User,ISLAND,3
NLP_User,EIGHT,5
NLP_User,POST BOX,1
NLP_User,THE CHURCH OF THE TRANSFIGURATION,3
NLP_User,THE POST BOX,1
NLP_User,BETWEEN 12TH,1
NLP_User,WEST 59TH,4
NLP_User,THE PARIS BAGUETTE,4
NLP_User,UNION SQUARE PARK,6
NLP_User,JERRYS,1
NLP_User,TAO DOWNTOWN,1
NLP_User,SAINT PETER'S CHURCH,1
NLP_User,32RD,2
NLP_User,W. 53RD ST.,1
NLP_User,THE AMERICAS TOWER,2
NLP_User,53RD,1
NLP_User,FREEDOM PLACE SOUTH,5
NLP_User,HOTEL INDIGO,3
NLP_User,THE MIDDLE OF THE,1
NLP_User,THE DRY CLEANING SHOP,1
NLP_User,THE TIME LIFE BUILDING,1
NLP_User,AN AMERICAS TOWER,1
NLP_User,A NEWS CORP. BUILDING,1
NLP_User,A DUNKIN DONUTS,1
NLP_User,TOUS LES JOURS,1
NLP_User,A TRADER JOE’S,1
NLP_User,CHURCH OF THE INCARNATION,2
NLP_User,WORSHIP,1
NLP_User,THE END OF EAST 1ST,1
NLP_User,THE WHOLE FOODS,2
NLP_User,EAST 61ST,6
NLP_User,THE UPPER EAST,1
NLP_User,VESELKA,5
NLP_User,JUST 3,1
NLP_User,CITY PIER A.,1
NLP_User,EAST 4TH STREET,5
NLP_User,GREAT JONES STREET,2
NLP_User,CENTER DRIVE,5
NLP_User,THEATER,3
NLP_User,THE NEW YORK LIBRARY,1
NLP_User,CHARLTON ST.,1
NLP_User,SHAOLIN TEMPLE,1
NLP_User,TIMES SQUARE,14
NLP_User,SCARLATTO,1
NLP_User,WEST 35TH STREET,2
NLP_User,VERA DE,1
NLP_User,HAIRROIN,1
NLP_User,GROTTA AZZURRA,1
NLP_User,LOUIS J. LEFKOWITZ STATE OFFICE,1
NLP_User,HYATT CENTRIC,4
NLP_User,THE SOUTH WEST,4
NLP_User,ONE WORLD TRADE CENTER,1
NLP_User,THE SHAOLIN TEMPLE,1
NLP_User,ZECKENDORF,1
NLP_User,P.J. CLARKE'S,1
NLP_User,SMOKE ZONE,1
NLP_User,ALCOHOL,2
NLP_User,CHRYSTIE,3
NLP_User,NATIONAL PARK,1
NLP_User,THE CHURCH OF SAINT FRANCIS XAVIER,1
NLP_User,THE ARTS CENTER,1
NLP_User,THE HILTON HOTEL,2
NLP_User,TOMMY HILFIGER,2
NLP_User,THE CENTRAL WINE & LIQUOR,1
NLP_User,POLLETTE 71'S,1
NLP_User,SUNDAY,1
NLP_User,FAIRFIELD,5
NLP_User,THE HUDSON RIVER PARKWAY,1
NLP_User,THE TRYP HOTEL,1
NLP_User,1ST PLACE,5
NLP_User,TABOONETTE,1
NLP_User,W. 36TH ST.,1
NLP_User,METROPCS,1
NLP_User,IDLEWILD,1
NLP_User,PETER MINUTE PLAZA GREENWAY,1
NLP_User,STRIP CLUB,1
NLP_User,64TH,1
NLP_User,MORE THAN 4,1
NLP_User,THE IBM WATSON,1
NLP_User,MOUNT,1
NLP_User,TRUMP,1
NLP_User,EAST 11TH,9
NLP_User,EAST 72ND,4
NLP_User,PRET A MANGER,10
NLP_User,THE END OF EAST 33RD,1
NLP_User,NINE,6
NLP_User,THE PROHEALTH URGENT CARE CLINIC,1
NLP_User,ATLANTIC,1
NLP_User,WEST 76TH STREET,1
NLP_User,WEST 67TH,7
NLP_User,EAST 36TH,3
NLP_User,THE NEW YORK RANGERS,1
NLP_User,WEST 25TH STREET,14
NLP_User,THE GENERAL WORTH MONUMENT,1
NLP_User,BUKA,1
NLP_User,1501,3
NLP_User,ARMENIAN APOSTOLIC CHURCH,1
NLP_User,KIPS BAY TOWER NORTH,4
NLP_User,THE DUANE READE PHARMACY,3
NLP_User,WEST 36TH,7
NLP_User,1ST AVENUE TUNNEL,2
NLP_User,THE BEGINNING OF,1
NLP_User,WEST 69TH,2
NLP_User,SMASHBURGER,1
NLP_User,WILLIAM STREET,11
NLP_User,WEST 61,1
NLP_User,BROOKYN FARE,1
NLP_User,AMPHI,1
NLP_User,KOREATOWN,8
NLP_User,A ROMAN CATHOLIC CHURCH,7
NLP_User,UNION SQUARE GREEN MARKET,2
NLP_User,UPS STORE,1
NLP_User,EAST 43TH,1
NLP_User,THE METLIFE BUILDING,1
NLP_User,THOMAS,1
NLP_User,BICYCLE HABITAT,1
NLP_User,THE CHRISTIAN CHURCH,1
NLP_User,ROOSEVELT ISLAND,1
NLP_User,THE FRENCH QUARTERS GUEST APARTMENTS,1
NLP_User,ARCHIBALD,1
NLP_User,TOWNHOUSE,1
NLP_User,EAST 77TH STREET,5
NLP_User,THE TRUE VALUE,3
NLP_User,ABOUT 17,3
NLP_User,THE FINANCIAL DISTRICT,3
NLP_User,RUSSIAN,2
NLP_User,W. 33RD ST. IT'S,1
NLP_User,ST. MARY'S CHURCH,2
NLP_User,E. HOUSTON ST. THE,1
NLP_User,THE JEKYLL AND HYDE CLUB,1
NLP_User,THE TD BANK,8
NLP_User,AN EAST 59TH,1
NLP_User,INDEPENDENT,2
NLP_User,CURIO COLLECTION,11
NLP_User,THE HSBC BANK,2
NLP_User,THE THE NEW YORK FOUNDLING,1
NLP_User,THE FDR DRIVE,7
NLP_User,THE HELEN MCALLISTER MUSEUM,1
NLP_User,BEEKMAN STREET,2
NLP_User,REGAL,2
NLP_User,EAST 77TH,3
NLP_User,THE ST. JAMES THEATRE,1
NLP_User,GERSHWIN THEATRE,1
NLP_User,ONLY 2 1/2,1
NLP_User,HERTZ CAR RENTAL,1
NLP_User,GRAMERCY THEATER,1
NLP_User,DRYBAR,1
NLP_User,MONROE,3
NLP_User,A CITYMD CLINIC,2
NLP_User,ROMAN CHRISTIAN,1
NLP_User,WORLD TRADE CENTER,2
NLP_User,HANOVER SQUARE,1
NLP_User,HIGHGATE,1
NLP_User,BLOOMINGDALES,1
NLP_User,THE FERRY TERMINAL,2
NLP_User,TERMINAL,3
NLP_User,RUTHERFORD PLACE,4
NLP_User,RUNWAY,2
NLP_User,SWATCH,3
NLP_User,FREEDOM PLACE,1
NLP_User,JENNY,1
NLP_User,SHAKE SHACK,1
NLP_User,ALAMO,5
NLP_User,THE LAQUINTA INN ON WEST 71ST STREET,1
NLP_User,THE LAQUINTA INN,1
NLP_User,THE ROCKEFELLER CENTER,1
NLP_User,CUNY GRADUATE SCHOOL AND UNIV,1
NLP_User,JUST OVER SIX,1
NLP_User,EDGAR STREET,3
NLP_User,THE TIMBER GROUP,1
NLP_User,MAJESTIC,2
NLP_User,WARBY,2
NLP_User,PARKER,1
NLP_User,COOPER STATION NEW YORK POST OFFICE,1
NLP_User,FOUR AND A HALF,2
NLP_User,THE AFFINIA HOTEL,2
NLP_User,NORTHWELL HEALTH HOSPITAL,2
NLP_User,THE WILLIAMSBURG BRIDGE,3
NLP_User,THE COMFORT INN ON WEST 44TH STREET,1
NLP_User,NEWS CORP. BUILDING,2
NLP_User,GOLDA MEIR,4
NLP_User,AN E SMOKE & CONVENIENCE SHOP,1
NLP_User,THE END OF THE NEXT BLOCK SOUTH,1
NLP_User,JENNIFER CAFE,1
NLP_User,GUNTHER BUILDING,3
NLP_User,THE ADAMS EXPRESS BUILDING,1
NLP_User,BOWLING GREEN,2
NLP_User,WOLF,1
NLP_User,SUB-ZERO,1
NLP_User,THE SERVICE ROAD,1
NLP_User,H & M,3
NLP_User,LOVING,1
NLP_User,JOE COFFEE,1
NLP_User,MONROE STREET,6
NLP_User,THE FOOD KING CHINESE RESTAURANT,1
NLP_User,PNC BANK,6
NLP_User,W. 28TH,2
NLP_User,WILLIAM,3
NLP_User,WARREN ST.,1
NLP_User,TONY MOLY'S,1
NLP_User,THE GIN LANE STUDIO,1
NLP_User,10 1/2,1
NLP_User,THE SOUTH STREET SEAPORT,1
NLP_User,JAMES L. WATSON,1
NLP_User,JEFFERSON MARKET GARDEN,2
NLP_User,PINKBERRY ICE CREAM,2
NLP_User,DOWNTOWN COMMUNITY TELEVISION,1
NLP_User,U-HALL,1
NLP_User,BATH & BODY WORKS,2
NLP_User,HILTON GARDEN INN,10
NLP_User,BAXTER,3
NLP_User,47TH,1
NLP_User,NEWS CORP.,1
NLP_User,DRESS,1
NLP_User,KATE,1
NLP_User,THE WATCHES SHOP,1
NLP_User,THE MIDDLE OF THE ROW,1
NLP_User,THE COMFORT INN,4
NLP_User,1985,1
NLP_User,WESTGATE RESORTS 2,1
NLP_User,LA QUINTA INN & SUITES,2
NLP_User,PIER 55,1
NLP_User,NORTH BRIDGE,1
NLP_User,HOWARD,1
NLP_User,CENTRAL SAVINGS BANK BUILDING,3
NLP_User,EAST 25TH,4
NLP_User,BLEECKER ST,2
NLP_User,JUDSON MEMORIAL CHURCH,2
NLP_User,CHASE BANK ON WALL STREET,1
NLP_User,FEARLESS GIRL,2
NLP_User,PAST TWO,1
NLP_User,ALPHABET CITY,3
NLP_User,COLUMBUS STREET,1
NLP_User,THE QUEENSBORO BRIDGE,3
NLP_User,MAGNET THEATER,2
NLP_User,THE WALMART PHARMACY,1
NLP_User,THE CHEF'S TABLE,1
NLP_User,THE HUDSON THEATRE,1
NLP_User,THE ROW HOTEL,2
NLP_User,CLINTON HALL,1
NLP_User,BANANA REPUBLIC ON EAST 59TH STREET,1
NLP_User,ABOUT 5 AND A HALF,1
NLP_User,CENTRAL PARKING,2
NLP_User,SEAGRAM,1
NLP_User,FORT,2
NLP_User,10 O'CLOCK,1
NLP_User,KING STREET,3
NLP_User,AMSTERDAMN AVENUE,1
NLP_User,CUBAN,3
NLP_User,SUFFOLK STREET,2
NLP_User,OLD SLIP,3
NLP_User,4TH STREET FOOD CO-OP,2
NLP_User,HAMILTON,2
NLP_User,PARK LIBRARY,1
NLP_User,SOUTH KOREA,1
NLP_User,MARBLE COLLEGIATE CHURCH,2
NLP_User,THE NATIONAL MUSEUM OF MATHEMATICS,1
NLP_User,THE NEDERLANDER THEATRE,1
NLP_User,SALAD,2
NLP_User,HAMMACHER SCHLEMMER,2
NLP_User,ELDRIDGE STREET,5
NLP_User,FINANCIAL SQUARE,1
NLP_User,THE CHELSEA PINES INN,1
NLP_User,LA COLOMBE COFFEE,1
NLP_User,TIME LANDSCAPE,4
NLP_User,PETER COOPER ROAD,1
NLP_User,FIFTH,4
NLP_User,WEST 62ND STREET,1
NLP_User,THE JAMES HOTEL,2
NLP_User,MET LIFE,1
NLP_User,EAST 72ND STREET,2
NLP_User,37TH STREET EAST,1
NLP_User,THE RADISSON HOTEL,1
NLP_User,COHEN'S FASHION OPTICAL,2
NLP_User,BENJAMIN N. CARDOZO SCHOOL,2
NLP_User,WEST 78TH,3
NLP_User,SCOTCH,1
NLP_User,SODA,2
NLP_User,COMMUNITY,1
NLP_User,CLASSIC PLAYGROUND,1
NLP_User,SMITH & WOLLENSKY,4
NLP_User,THE HOME LIFE BUILDING,1
NLP_User,EAST 4TH,6
NLP_User,MERCHANT,3
NLP_User,CAPITALE,3
NLP_User,CENTRAL PARK TOWER,1
NLP_User,FORDHAM UNIVERSITY,1
NLP_User,EAST 54TH,8
NLP_User,THE HISTORIC BARBIZON HOTEL,1
NLP_User,NEWTON-TIMMERMANN PHARMACY,2
NLP_User,IRVING FARM COFFEE,2
NLP_User,FOUR SEASONS,2
NLP_User,ABOUT 4/5THS,1
NLP_User,THE END OF THE THIRD,2
NLP_User,NORDSTROM,2
NLP_User,ROOSVELT PARK,1
NLP_User,ANTROPOLOGIE,1
NLP_User,65TH STREET,1
NLP_User,THE MUSEUM O F,1
NLP_User,BATTERY PLAYSCAPE,2
NLP_User,THE BOSQUE FOUNTAIN,1
NLP_User,JEWISH HERITAGE MUSEUM,1
NLP_User,MUSEUM,2
NLP_User,EAST 47TH,4
NLP_User,THE OLD NAVY,1
NLP_User,AKA SUTTON PLACE,1
NLP_User,THE BOWLING GREEN BUILDING,1
NLP_User,THE INTERNATIONAL MERCANTILE MARINE COMPANY BUILDING,4
NLP_User,THE MANHATTAN COMMUNITY BOATHOUSE,1
NLP_User,WIRELESS,2
NLP_User,AMAZON,1
NLP_User,CHEVY,2
NLP_User,THE INTERCONTINENTAL HOTEL,3
NLP_User,EAST 32ND STREET,1
NLP_User,THE KNICKERBOCKER HOTEL,2
NLP_User,EAGLE,1
NLP_User,FOSSIL,3
NLP_User,NOHO HISTORIC DISTRICT,4
NLP_User,C.O. BIGELOW CHEMISTS,4
NLP_User,PINK CLOTHES,1
NLP_User,NEW BALANCE,3
NLP_User,ST VARTAN CATHEDRAL,1
NLP_User,H & R,1
NLP_User,CROSBY STREET,4
NLP_User,BESTBUY,1
NLP_User,LENS CRAFTERS,1
NLP_User,MULLBERRY,1
NLP_User,THE EAGLE BAR,1
NLP_User,THE CRUNCH FITNESS,1
NLP_User,WEST 54TH AVENUE,1
NLP_User,THE UNITED STATES POSTAL SERVICE,1
NLP_User,CHANIN BUILDING,1
NLP_User,AU BON PAIN,1
NLP_User,THE WHITEHALL ST SOUTH FERRY,1
NLP_User,CITYMD CLINIC,4
NLP_User,PITT STREET,1
NLP_User,SWAROVSKI,3
NLP_User,NORTH COVE YACHT HARBOR,1
NLP_User,SHERWIN-WILLIAMS,4
NLP_User,SAPHORA,1
NLP_User,GANESVOORT STREET,1
NLP_User,JASON BROOKS,1
NLP_User,LOCKSMITH,1
NLP_User,EAST 55TH STREET,2
NLP_User,ABOUT 14,4
NLP_User,THE SANAA MUSEUM,1
NLP_User,EAST 42D,1
NLP_User,POTTERY BARN,9
NLP_User,PANDA,1
NLP_User,CAPITAL ONE BANK,2
NLP_User,WEST 49TH,6
NLP_User,CHOCOLATIER,1
NLP_User,MICHAEL ANDERSON CAR RENTAL,1
NLP_User,A PROTESTANT CHURCH,2
NLP_User,HARBOR HEALTHCARE,1
NLP_User,MOTT ST.,1
NLP_User,1815,1
NLP_User,CREDIT SUISSE,2
NLP_User,MADISON SQUARE FOUNTAIN,1
NLP_User,THE UNIVERSITY ON UNION SQUARE WEST,1
NLP_User,PETER MINUIT PLAZA,3
NLP_User,EDGE,4
NLP_User,FORTY FOUR BAR NORTHEAST,1
NLP_User,BANK OF AMERICA TOWER,1
NLP_User,PENN SOUTH,2
NLP_User,ORANGETHEORY FITNESS,5
NLP_User,JOHN FLUEVOG SHOES,2
NLP_User,PUBLIC SCHOOL,1
NLP_User,THE LIGHTING SHOP,1
NLP_User,THE ART SHOP,1
NLP_User,PARTY CITY,3
NLP_User,ST. REGIS,1
NLP_User,THE EAST VILLAGE HOTEL,1
NLP_User,KMART,2
NLP_User,CHINATOWN,3
NLP_User,FANELLI CAFE,4
NLP_User,HOSTEL,1
NLP_User,RADISSON,1
NLP_User,PANERA BREAD,1
NLP_User,THE CVS PHARMACY,3
NLP_User,THE EMPIRE STATE BUILDING,3
NLP_User,THE UNITED COLORS OF,1
NLP_User,BENETTON,1
NLP_User,ENIGMA.IO,1
NLP_User,W. 29TH,1
NLP_User,JUST A FEW DOZEN FEET,1
NLP_User,KONSTANTINE FURS,1
NLP_User,WORLD HOTEL,1
NLP_User,BATTERY GARDENS,1
NLP_User,COLUMBUS AVE,5
NLP_User,TRINITY,1
NLP_User,CORTLANDT WAY,1
NLP_User,A BUFFALO EXCHANGE,1
NLP_User,CONFUCIUS PLAZA,3
NLP_User,LEVER HOUSE,1
NLP_User,KISS MY SLICE,1
NLP_User,ESPLANADE,1
NLP_User,COLLEGE,1
NLP_User,MEDICAL CENTER,1
NLP_User,WEST 4TH,6
NLP_User,COREPOWER YOGA,2
NLP_User,THE UNIVERSITY ON THE NORTHWEST,1
NLP_User,DUANE READ,1
NLP_User,METRONOME,2
NLP_User,THE GUSTAVUS ADOLPHUS CHURCH,1
NLP_User,SAN LORENZO RUIZ CHAPEL,1
NLP_User,AUDI,7
NLP_User,JIL SANDER,1
NLP_User,OVER HALF,1
NLP_User,THE TIFFANY AND CO.,1
NLP_User,SEWARD PARK,1
NLP_User,DELMONICOS,1
NLP_User,HARRY,1
NLP_User,THE CITY SPIRE CENTER,1
NLP_User,NYU COURANT INSTITUTE OF MATHEMATICAL SCIENCES,1
NLP_User,THE UKRAINIAN MUSEUM,1
NLP_User,HAMTON,1
NLP_User,SOUTH 15,1
NLP_User,BEAVER STREET,7
NLP_User,BEAVER ST.,1
NLP_User,59TH STREET,1
NLP_User,BETH ISRAEL,1
NLP_User,DAVID H KOCH THEATER,1
NLP_User,JDI BARBEL CLUB,1
NLP_User,CAFE GRUMPY,5
NLP_User,ONLY TWO,2
NLP_User,ELLEN,1
NLP_User,STARDUST DINNER,1
NLP_User,THE ROW NYC HOTEL,1
NLP_User,MILLENIUM HILTON,1
NLP_User,WARREN,2
NLP_User,GALLERY,1
NLP_User,BANK STREET,2
NLP_User,WASHING SQUARE,1
NLP_User,WASHING SQUARE SOUTH,1
NLP_User,A COURTYARD HOTEL,2
NLP_User,ALEXANDER WANG,1
NLP_User,CANADA GOOSE,7
NLP_User,SHAKE,1
NLP_User,W. 44TH ST.,1
NLP_User,WEST 71ST STREET,1
NLP_User,BASKIN ROBBINS,4
NLP_User,CHURCH OF THE BLESSED SACRAMENT,1
NLP_User,STUYVESANT STREET,1
NLP_User,HOMEWOOD SUITES,2
NLP_User,THE CITYMD CLINIC,3
NLP_User,THE GRAYBAR BUILDING,1
NLP_User,THE EDEN FINE ART,1
NLP_User,MOISHE,1
NLP_User,KOSHER,1
NLP_User,BEVERAGES,2
NLP_User,THE NEW MUSEUM OF CONTEMPORARY ART,1
NLP_User,CHINA,1
NLP_User,WEST 8TH AVENUE,1
NLP_User,4 BENCHES,2
NLP_User,7 WORLD TRADE CENTER,1
NLP_User,BUY BUY BABY,1
NLP_User,THE BEACON THEATER ON,1
NLP_User,SHERMAN SQUARE,3
NLP_User,CAFE LUXEMBOURG,1
NLP_User,THE UNIVERSITY VILLAGE,1
NLP_User,3 WORLD TRADE CENTER,1
NLP_User,FAMIGLIA PIZZERIA,1
NLP_User,HOSPITAL,2
NLP_User,THE MEMORIAL SLOAN,1
NLP_User,GEORGE WASHINGTON,1
NLP_User,95.5,1
NLP_User,THE FEDEX OFFICE,6
NLP_User,THE MIDDLE OF EAST 55TH,1
NLP_User,CHATHAM SQUARE LIBRARY,2
NLP_User,MARINERS TEMPLE,4
NLP_User,THE MELT BAKERY SHOP,1
NLP_User,AUGUSTUS ADOLPHUS CHURCH,1
NLP_User,THE ADMINISTRATIVE BUILDING,1
NLP_User,PERSHING SQUARE BUILDING,1
NLP_User,THE PERSHING SQUARE BUILDING,1
NLP_User,GRISTEDES,2
NLP_User,PLASTIC SURGEON,1
NLP_User,THE FLATIRON DISTRICT,3
NLP_User,WAVERTREE,1
NLP_User,LITTLE ISLAND,2
NLP_User,VAPENY,2
NLP_User,WANDA COACH,1
NLP_User,THE MILLENIUM HILTON,1
NLP_User,ST. PETER'S,1
NLP_User,ST. PETERS,1
NLP_User,A ZIP CAR SHARING,1
NLP_User,WHITE,1
NLP_User,THE NORTH EAST,2
NLP_User,THE GARDEN EAST,1
NLP_User,34TH STREET,2
NLP_User,ONLY ABOUT 2,2
NLP_User,HOLLEY MEMORIAL,1
NLP_User,THE GUNTHER BUILDING,2
NLP_User,THE SAN LORENZO RUIZ CHAPEL,1
NLP_User,APPLE,4
NLP_User,THE NORDSTROM RACK AND H MART,1
NLP_User,MICHEL,1
NLP_User,IRVING PLACE,2
NLP_User,THE 7-ELEVEN,1
NLP_User,WEST WASHINGTON PLACE,1
NLP_User,THE END OF EAST 39TH,1
NLP_User,AT&T.,2
NLP_User,BROOM,1
NLP_User,PSYCHIC READINGS,1
NLP_User,KELLY,1
NLP_User,DELI,8
NLP_User,THE NORTHEAST CORNER,1
NLP_User,A PLACE OF WORSHIP,1
NLP_User,A CAR RENTAL,1
NLP_User,THE SCHOOL FOR POETIC COMPUTATION,1
NLP_User,BING PARK,1
NLP_User,NORTHWELL HEALTH,1
NLP_User,CANADA,3
NLP_User,COLE HAAN,3
NLP_User,THE RUBIN MUSEUM,1
NLP_User,MORE THAN A HALF,1
NLP_User,THE BATTERY PARK GREENWAY,1
NLP_User,CLEVELAND AVENUE,1
NLP_User,BRINKLEY,1
NLP_User,ROW HOUSE,1
NLP_User,NYU COMPREHENSIVE EPILEPSY CENTER,1
NLP_User,THEATER HOUSE,1
NLP_User,THE THE NEW YORK SOCIETY LIBRARY,1
NLP_User,WEST 77TH,2
NLP_User,WEST 25RD,1
NLP_User,LOUIS VUITTON,2
NLP_User,PINK,1
NLP_User,'70S,1
NLP_User,DUNKIN' DONUTS,4
NLP_User,THE VACANT SHOP,2
NLP_User,HOME INSURANCE PLAZA,2
NLP_User,THE TRUE VALUE HARDWARE,1
NLP_User,EAST 42,2
NLP_User,AVE PAST CHURCH OF THE EPIPHANY,1
NLP_User,SURREAL CREAMERY,2
NLP_User,THE CONVENIENCE SHOP,2
NLP_User,THE AVENUE OF THE AMERICAS PLAZA,1
NLP_User,BANK ON EAST 79TH STREET,1
NLP_User,BANK,1
NLP_User,EMIGRANT SAVINGS BANK,1
NLP_User,POST,4
NLP_User,DIOR,1
NLP_User,RUTGERS CHURCH,1
NLP_User,GATES PROJECT MUSEUM,1
NLP_User,WEST 40TH STREET,3
NLP_User,THE MATTHEW KENNEY RESTAURANT,1
NLP_User,CO OP,1
NLP_User,PRINTING,1
NLP_User,VAN LEEUWEN ICE CREAM,2
NLP_User,IPC THEATERS,1
NLP_User,66TH,2
NLP_User,THE HUDSON GUILD THEATRE,1
NLP_User,NATIONAL MUSEUM OF THE AMERICAN INDIAN,1
NLP_User,THE VENDING MACHINE SOUTHWEST,1
NLP_User,THE VENDING MACHINE,1
NLP_User,SAINT MALACHY CHURCH,2
NLP_User,ST. MARK'S,3
NLP_User,W. 23RD ST.,1
NLP_User,CASABLANCA HOTEL,1
NLP_User,THE BRILL BUILDING,3
NLP_User,BRILL,1
NLP_User,A EUROPEAN WAX CENTER,3
NLP_User,THE EPISCOPAL CHURCH,1
NLP_User,STEVE MADDEN,1
NLP_User,EAST 61TH STREET,1
NLP_User,ABOUT 1-2,1
NLP_User,WEST HOUSTON STREET,5
NLP_User,YONAH SHIMMEL,2
NLP_User,BAR GOTO,1
NLP_User,THE BEGINNING OF THE NEXT BLOCK,2
NLP_User,CENTRAL PARK SOUTH,2
NLP_User,THE JOSE DE SAN MARTIN,1
NLP_User,RANGERS,1
NLP_User,KNICKS,1
NLP_User,LONG ISLAND,1
NLP_User,THE DAY,1
NLP_User,LA PLAZA CULTURAL,1
NLP_User,RIVINGTON,1
NLP_User,RUTGERS STREET,5
NLP_User,MEE CAFE,1
NLP_User,JAMES WALKER PARK,1
NLP_User,SUPERDRY,2
NLP_User,GREENE STREETE,1
NLP_User,GREENE STREET DENTAL,1
NLP_User,THE PUCK BUILDING,3
NLP_User,THE KATE SPADE NEW YORK,2
NLP_User,180 DEGREES,1
NLP_User,THE BOWLING GREEN MARKER,1
NLP_User,THE UNICREDIT BANK,1
NLP_User,NUDIE JEANS,1
NLP_User,BARNEYS NEW YORK,1
NLP_User,DAVID GEFFEN HALL,3
NLP_User,EMBASSY,1
NLP_User,ALMOST THREE,1
NLP_User,KEEP,3
NLP_User,SOHO GARDEN,1
NLP_User,BLARNEY STORE,1
NLP_User,HEAD WEST,1
NLP_User,JIN YU SPA,1
NLP_User,WEST 63RD,3
NLP_User,MATLAND PHARMACY,2
NLP_User,AN UNITARIAN CHURCH,1
NLP_User,SALMAGUNDI CLUB,2
NLP_User,EAST 61,1
NLP_User,WEST 4TH STREET,6
NLP_User,ARHAUS,1
NLP_User,59TH STREET COLUMBUS CIRCLE,1
NLP_User,NEW STREET,1
NLP_User,CHRISTOPHER STREET-SHERIDAN SQUARE,1
NLP_User,MIDTOWN SOUTH,1
NLP_User,MURRAY HILL,2
NLP_User,JUST A FEW FEET,1
NLP_User,SAINT PAUL'S,1
NLP_User,CORBIN BUILDING,1
NLP_User,ZUCCOTTI,1
NLP_User,LULULEMON CLOTHES,1
NLP_User,THE JEFFERSON MARKET LIBRARY,2
NLP_User,FORDHAM UNIVERSITY LINCOLN CENTER CAMPUS,1
NLP_User,GROVE STREET,4
NLP_User,TOYOTA,2
NLP_User,JEEP,1
NLP_User,ABOUT 2/3,1
NLP_User,PIER 40,1
NLP_User,BELGIAN,1
NLP_User,PALEY CENTER,1
NLP_User,MEDIA,1
NLP_User,HOTEL BEACON,1
NLP_User,MARSHALLS,2
NLP_User,THE COMEDY CELLAR IT'S,1
NLP_User,EAST 62ND STREET,3
NLP_User,7-11,3
NLP_User,SHOP SOUTHWARD,1
NLP_User,THE EAST END OF,2
NLP_User,3RD STREET,2
NLP_User,GREENWICH CLUB RESIDENCES,1
NLP_User,SUPERMAN,1
NLP_User,MARKET SLIP,1
NLP_User,THE CHASE BANK,1
NLP_User,A CURIO COLLECTION,2
NLP_User,PARK CITY,1
NLP_User,THE CAPITAL GRILLE,1
NLP_User,CITI BANK,2
NLP_User,RITUALS COSMETICS,1
NLP_User,BLOCK ADVISORS,4
NLP_User,LIDS,1
NLP_User,UNION SQUARE WEST,4
NLP_User,THE SKYLARK BAR,1
NLP_User,BROAD STREET,6
NLP_User,BEACON,2
NLP_User,SUNGLASS HUT,6
NLP_User,A VERIZON WIRELESS,4
NLP_User,EAST SECOND,1
NLP_User,HILTON HOTEL,2
NLP_User,FED EX,3
NLP_User,THE RETRO FITNESS,2
NLP_User,THE END OF EAST 23RD,1
NLP_User,56TH,1
NLP_User,P.J. CLARKE’S RESTAURANT,1
NLP_User,JUST 3 1/2,1
NLP_User,THE 9/11 MEMORIAL MUSEUM,1
NLP_User,HIGHWAY,1
NLP_User,KARLEE,1
NLP_User,JEWELRY,4
NLP_User,FAMOUS FOOTWEAR,2
NLP_User,THE HOLLAND PLAZA BUILDING,2
NLP_User,THE FIVE STUY CAFE,1
NLP_User,KNICKERBOCKER VILLAGE,1
NLP_User,PENINUSULA,1
NLP_User,PLANET HOLLYWOOD,1
NLP_User,THE SUGAR FACTORY,1
NLP_User,LOWER EAST SIDE,2
NLP_User,THE CHURCH OF THE ASCENSION,1
NLP_User,DECLEM,1
NLP_User,LENSCRAFTERS,3
NLP_User,ANTIQUES,1
NLP_User,40TH,3
NLP_User,THE CHARLES SCRIBNER'S,1
NLP_User,SONS BUILDING,1
NLP_User,BEAVER,2
NLP_User,THE CENTRAL TERMINAL,1
NLP_User,LEXINGTON AVE,6
NLP_User,MARRIOTT COURTYARD,1
NLP_User,FITNESS,2
NLP_User,BUTCHER,1
NLP_User,THE NEW YORK TIMES,1
NLP_User,JOSEPH SCHOOL,1
NLP_User,THE PARIS,1
NLP_User,WARWICK,2
NLP_User,AVENUE C. YOU,1
NLP_User,LOISAIDA,1
NLP_User,BLOOMFIELD,1
NLP_User,ELIZABETH STREET GARDEN,5
NLP_User,"LULULEMON, MEN'S",1
NLP_User,JUDITH,1
NLP_User,STANLEY ZABAR ART LIBRARY,1
NLP_User,THE BEL AMI CAFE,1
NLP_User,LOTTE HOTELS AND RESORTS,1
NLP_User,ST. PATRICK'S,2
NLP_User,THE MUSEUM OF ARTS AND DESIGN,2
NLP_User,MILLENNIUM,1
NLP_User,BARCLAY,1
NLP_User,MASERATI,5
NLP_User,THE WALL STREET AND,1
NLP_User,THE FASHION INSTITUTE OF TECHNOLOGY,2
NLP_User,PINE STREET,3
NLP_User,THE WALLACE BUILDING,1
NLP_User,2ND AVEMUE,1
NLP_User,PIER 63 LAWN,1
NLP_User,THE HUDSON RIVER PARK ESPLANADE,1
NLP_User,ABOUT ONE THIRD,1
NLP_User,STARBUCK,3
NLP_User,ABOUT ONE QUARTER,1
NLP_User,KITCHEN DELI,2
NLP_User,MODELL,6
NLP_User,SPORTING GOODS,6
NLP_User,HAYES PLACE,2
NLP_User,THE NEW YORK CITY POLICE HEADQUARTERS,1
NLP_User,THE VETERAN AFFAIRS NEW YORK HARBOR HEALTHCARE SYSTEM,1
NLP_User,KIPS BAY TOWER SOUTH,1
NLP_User,SOUTHERN,1
NLP_User,FIRST PRESBYTERIAN CHURCH,1
NLP_User,THE GODIVA CHOCOLATIER,1
NLP_User,A FRENCH CONNECTION,1
NLP_User,BOBAT LIBRARY,1
NLP_User,M’FINDA KALUNGA GARDEN,1
NLP_User,ABOUT 12 1/2,1
NLP_User,SOUTH PAST,1
NLP_User,AVENUE OF AMERICAS,1
NLP_User,WOOLWORTH BUILDING,1
NLP_User,CUNY SCHOOL OF PROFESSIONAL STUDIES,1
NLP_User,BANANA REPUBLIC,3
NLP_User,THE SOUTHWEST OVERLOOK,1
NLP_User,NATIONAL DENTAL,2
NLP_User,GREENE,5
NLP_User,LONGCHAMP,1
NLP_User,JUST UNDER 3,1
NLP_User,THE ARLO HOTELS,1
NLP_User,ETHAN ALLEN,1
NLP_User,AVENUE A. AN ORTHODOX CHURCH,1
NLP_User,E. 46TH,1
NLP_User,LEX AVENUE SHOPPING COURT,1
NLP_User,MACDOGUAL,1
NLP_User,LITTLE WEST,1
NLP_User,JACKSON,2
NLP_User,HOUSING WORKS,1
NLP_User,A BED BATH & BEYOND,2
NLP_User,A WEST ELM,1
NLP_User,RHIZOME,1
NLP_User,THE AQUAVIT RESTAURANT,1
NLP_User,JUST A HALF,2
NLP_User,ALMOST 2,3
NLP_User,THE CLASSIC STAGE COMPANY,2
NLP_User,STRANDED RECORDS,1
NLP_User,W. 41ST ST.,2
NLP_User,VESEY PLACE,2
NLP_User,COURTHOUSE,2
NLP_User,TRIUMPH OF THE HUMAN SPIRIT,2
NLP_User,THE FEDERAL RESERVE BANK,1
NLP_User,PLATT STREET,2
NLP_User,FRISBEE HILL,1
NLP_User,BRYANT,1
NLP_User,CHERRY LANE THEATER,1
NLP_User,SALLY BEAUTY SUPPLY,7
NLP_User,THE INSTITUTE OF AUDIO RESEARCH,4
NLP_User,ENGLISH,3
NLP_User,THE COLLEGIATE SCHOOL,1
NLP_User,THE BROOKLYN FARE,1
NLP_User,26TH,3
NLP_User,E. 26TH,1
NLP_User,JENNY CRAIG,3
NLP_User,THE BATTERY GARDEN/RESTAURANT,1
NLP_User,SALMAGUNDI,1
NLP_User,ST. ANTHONY,1
NLP_User,THE HIGH SCHOOL OF GRAPHIC COMMUNICATION ARTS,1
NLP_User,PARISH HALL,1
NLP_User,READE STREET,2
NLP_User,DAMROSCH PARK,4
NLP_User,ELECTRONIC MUSIC,1
NLP_User,BROADWAY THEATRE,1
NLP_User,THE WORLD TRADE CENTER / 9-11 MEMORIALS,1
NLP_User,CARDINAL HAYES,1
NLP_User,HARMONY,1
NLP_User,THE CHURCH OF STAIN FRANCIS XAVIER,1
NLP_User,BUCCELLATI,1
NLP_User,BRAZILIAN,2
NLP_User,THE GERALD SCHOENFELD THEATRE,1
NLP_User,CLOAK & DAGGER,1
NLP_User,NEW YORKER,1
NLP_User,MATTO ESPRESSO,1
NLP_User,RENNERT,1
NLP_User,"THE ""MUSEUM OF THE AMERICAN GANGSTER",1
NLP_User,STROMBOLI,1
NLP_User,THE JOHN STREET CHURCH,1
NLP_User,OAKLEY,1
NLP_User,CASSA HOTEL,1
NLP_User,NBA STORE,1
NLP_User,CINNABON,1
NLP_User,YORK TIMES,1
NLP_User,WEST 66TH,1
NLP_User,SUNOCO,3
NLP_User,THE PACHA NYC,1
NLP_User,SMASHBURGER ON W. 33RD STREET,1
NLP_User,ARDMORE HARDWARE AND LOCK CO.,1
NLP_User,MARTINIQUE NEW YORK,1
NLP_User,AVENUE C.,1
NLP_User,THE PLANNED PARENTHOOD,1
NLP_User,URGENT CARE MD,1
NLP_User,CLARK STREET,1
NLP_User,PANERA,2
NLP_User,EAST 79TH,6
NLP_User,ONLY ONE,2
NLP_User,NYC HEALTH & NUTRITION,1
NLP_User,DON DRAPER,4
NLP_User,LOMBARDI,1
NLP_User,AMENITY ICE CREAM,1
NLP_User,CHELSEA PARK,1
NLP_User,GRAMERCY PARK,2
NLP_User,STARBUCKS ON READE,1
NLP_User,AVENUE C. 2,2
NLP_User,THE EAST END,1
NLP_User,NEW YORK EYE,1
NLP_User,FORSYTH,1
NLP_User,EAST 40TH STREET,1
NLP_User,THE CITY UNIVERSICTY OF NEW YORK,1
NLP_User,THE BANK OF AMERICA ONE,1
NLP_User,BROOKLYN BATTERY TUNNEL,2
NLP_User,LATE TODAY,1
NLP_User,TRAVELS,1
NLP_User,MICHAEL,1
NLP_User,ABOUT 25,1
NLP_User,THE SUN BUILDING,1
NLP_User,A DUANE READE,3
NLP_User,WEST SIDE INSTITUTIONAL SYNAGOGUE,1
NLP_User,THE GIUSEPPE VERDI MONUMENT,1
NLP_User,GREEN PARK AREA,1
NLP_User,CHURCHILL,1
NLP_User,MURRY BERGTRAUM HIGH SCHOOL,1
NLP_User,3 BENCHES,2
NLP_User,CHURCH OF THE EPIPHANY,1
NLP_User,THE MIDDLE ALONG EAST 31ST,1
NLP_User,THE CITI-BIKE,1
NLP_User,EAST SIDE COMMUNITY HIGH SCHOOL,2
NLP_User,WEST 73RD,3
NLP_User,HOUSE,1
NLP_User,OASIS GARDEN,1
NLP_User,WEST 73RD STREET,1
NLP_User,BLOOMINGDALE’S,1
NLP_User,THE JAMES NEW YORK SOHO HOTEL,1
NLP_User,ABOUT 8-10,1
NLP_User,CHINA WOK,1
NLP_User,CENTER,1
NLP_User,FRENCH CONNECTION,3
NLP_User,D'AGOSTINO SUPERMARKET,1
NLP_User,THE V & S GALLERY,1
NLP_User,GOLDA MELF,1
NLP_User,14 STREET LOOP,1
NLP_User,MILLESEME,1
NLP_User,HERALD,1
NLP_User,WEST THAMES STREET,1
NLP_User,RADIO CITY MUSIC HALL HALF,1
NLP_User,CENTRAL PARK DRIVEWAY,1
NLP_User,TUMI,2
NLP_User,33RD STREET,2
NLP_User,CLOCK,1
NLP_User,THE BROOKLYN BATTERY TUNNEL,3
NLP_User,GREENWAY,1
NLP_User,CREPES DU NORD,1
NLP_User,7TH STREET,2
NLP_User,THE LOUIS VUITTON,1
NLP_User,THE HYATT CENTRIC,2
NLP_User,THE LYU LANGONE HEALTH,1
NLP_User,TUNNEL,2
NLP_User,737 REJUVENATE,1
NLP_User,THE WORLD TRADE CENTRE,1
NLP_User,THE HOLIDAY INN EXPRESS,2
NLP_User,THE HYATT PLACE NEW YORK/MIDTOWN - SOUTH,1
NLP_User,LIN ZEXU,2
NLP_User,DESIGUAL,1
NLP_User,GOODWILL CHARITY CLUB,1
NLP_User,XI'AN FAMOUS,1
NLP_User,JW MARRIOTT,1
NLP_User,THE CHATHAM SQUARE LIBRARY,1
NLP_User,WEST 39TH STREET,4
NLP_User,THE HYATT CENTRIC HOTEL,2
NLP_User,ROYCE CHOCOLATE SHOP,1
NLP_User,THE MID-MANHATTAN LIBRARY,2
NLP_User,MADISON RESTAURANT,1
NLP_User,THE FOOD EMPORIUM 5,1
NLP_User,THE ATLANTIC GRILL,1
NLP_User,WEST 64TH,2
NLP_User,LINCOLN SQUARE,1
NLP_User,THE BASKIN ROBINS ICE CREAM,1
NLP_User,PAPRYUS,1
NLP_User,BASKIN ROBINS,1
NLP_User,INDOCHINO,3
NLP_User,THE END OF THE FIRST,1
NLP_User,65TH,4
NLP_User,JEEP DODGE RAM CHRYSLER,1
NLP_User,THE BOSCH BUILDING,1
NLP_User,46TH,2
NLP_User,THE END OF WEST 43RD,1
NLP_User,ANATOLIA,1
NLP_User,ST MICHAEL'S,1
NLP_User,MOMOFUKU MILK BAR,1
NLP_User,BRIAN WATKINS,1
NLP_User,ROSSMANN REPAIR GROUP,2
NLP_User,THE HYATT HOUSE,1
NLP_User,THE BICYCLE RENTAL,1
NLP_User,LENZ,1
NLP_User,5TH AVE,2
NLP_User,VANDAM STREET,3
NLP_User,VANDAM,2
NLP_User,GUINNESS,1
NLP_User,FIORELLO H. LAGUARDIA HIGH SCHOOL,1
NLP_User,HAIER BUILDING,1
NLP_User,THE FAST FOOD RESTAURANT,1
NLP_User,BAXTER ST.,1
NLP_User,W. 74TH ST.,2
NLP_User,MOST PRECIOUS BLOOD CHURCH,1
NLP_User,TISCH SCHOOL OF THE ARTS,1
NLP_User,GAMESTOP,1
NLP_User,FIVE YEARS,1
NLP_User,THE PETER COOPER VILLAGE,1
NLP_User,PUCK,1
NLP_User,THE NEW ERA BUILDING,2
NLP_User,THE CHURCH OF THE HOLY APOSTLES,1
NLP_User,THE FORD FOUNDATION,1
NLP_User,HUDSON YARDS,2
NLP_User,LADDER 7S FIRE,1
NLP_User,EAST 58TH,10
NLP_User,THE KENKELABA HOUSE GARDEN ON EAST 2ND STREET,1
NLP_User,THE STRAIGHT EDGE,1
NLP_User,WHOLE FOODS MARKET,5
NLP_User,DONUT,1
NLP_User,THE BARBIZON HOTEL FOR WOMEN,1
NLP_User,AVENUE C. IT,2
NLP_User,NEXT TO TWO,1
NLP_User,WEST 12TH ST.,1
NLP_User,THE CALIENTE CAB,1
NLP_User,JEKYLL AND HYDE CLUB,1
NLP_User,"THE ARTS CENTRE
SLIGHTLY",1
NLP_User,THE DOUGHNUT PROJECT,1
NLP_User,RECTOR,1
NLP_User,EAST 73RD ST.,1
NLP_User,TRIBECA BARBER SPA,1
NLP_User,JUST PAST WEST 69TH,1
NLP_User,UKRANIAN,1
NLP_User,THE ENGLISH ELM,1
NLP_User,HILTON GARDEN,1
NLP_User,BARUCH HOUSES,1
NLP_User,SIDEWALK CLOCK,1
NLP_User,THE DRESS BARN,1
NLP_User,HSBC BANK,2
NLP_User,THE STOCK EXCHANGE,1
NLP_User,BUILDING 28 LIBERTY,1
NLP_User,LE CAROUSEL,1
NLP_User,HG GALLERY,1
NLP_User,ALLEN ST. GO,1
NLP_User,LEXUS,3
NLP_User,STELLA,1
NLP_User,CHARLES GUTTMAN COMMUNITY COLLEGE,1
NLP_User,WEST.,3
NLP_User,THE NOHO HISTORIC DISTRICT,1
NLP_User,ABOUT 2 AND A HALF,1
NLP_User,THE BROOKLYN BRIDGE,3
NLP_User,STUYVESANT,2
NLP_User,ABOUT ONE,3
NLP_User,MAH-ZE-DAHR,1
NLP_User,A DAVID'S TEA,1
NLP_User,PENNSYLVANIA STATION,1
NLP_User,A FEW YARDS,1
NLP_User,COENTIES SLIP,2
NLP_User,A QUARTER,3
NLP_User,PHARMACY,1
NLP_User,7 ELEVEN,1
NLP_User,W. 45TH,1
NLP_User,SUFFOLK,2
NLP_User,ROYCE CHOCOLATE,1
NLP_User,COSMOPOLITAN,1
NLP_User,BUCHANAN,1
NLP_User,49TH,1
NLP_User,PASS THE CONSULATE GENERAL OF UKRAINE,1
NLP_User,REPERTORIO ESPANOL,1
NLP_User,SMOKE,1
NLP_User,THE DAVID KOCH THEATER,1
NLP_User,THE THEATRE DEVELOPMENT FUND,1
NLP_User,SAINT BRIGID'S,2
NLP_User,ARLO,1
NLP_User,WEST 53RD ST.,1
NLP_User,THE CALYON BUILDING,1
NLP_User,EAST 67TH STREET,5
NLP_User,YOW PARKING LOTS,1
NLP_User,THE DE FOREST BUILDING,1
NLP_User,IMMACULATE CONCEPTION,1
NLP_User,PIER 84,1
NLP_User,EXTRA VIRGIN,1
NLP_User,HOLIDAY INN,3
NLP_User,THE STARBUCKS CAFE,2
NLP_User,A TRADER JOES,1
NLP_User,A UNITARIAN CHURCH,1
NLP_User,THE 9/11 MEMORIAL & MUSEUM,1
NLP_User,BURBERRY,1
NLP_User,HUGO,1
NLP_User,AN AFFINIA HOTEL,1
NLP_User,U-HAUL,1
NLP_User,EPISCOPAL CHURCH,3
NLP_User,TJ MAXX,2
NLP_User,NORMAN THOMAS,1
NLP_User,GRAND ST,1
NLP_User,ITALY,2
NLP_User,INCORPORATED,1
NLP_User,AVENA,1
NLP_User,THE THE ELEVATED ACRE,1
NLP_User,JUST OVER TWO,1
NLP_User,AVIS CAR,1
NLP_User,19TH,1
NLP_User,74TH,1
NLP_User,THE CHICK-FIL-A.,1
NLP_User,PLANET FITNESS ON,1
NLP_User,MORE THAN 12,1
NLP_User,THE PLANET FITNESS,1
NLP_User,888 SEVENTH AVENUE,1
NLP_User,THE EAST 49TH,1
NLP_User,TOWNEPLACE SUITES,1
NLP_User,BROOKLYN FARE,2
NLP_User,THE BROWN BUILDING,1
NLP_User,76TH STREET,2
NLP_User,LENOX HILL HOSPITAL,1
NLP_User,LUSH COSMETICS,1
NLP_User,JUST A FEW YARDS,1
NLP_User,FLYWHEEL SPORTS,1
NLP_User,ST. NICHOLAS,1
NLP_User,WASHINGTON STREET PLAZA,1
NLP_User,CLUB QUARTERS WORLD TRADE,1
NLP_User,ZIPCAR,4
NLP_User,DELMONICO,1
NLP_User,EAST 76TH,2
NLP_User,A PLANET FITNESS,2
NLP_User,THE RUBIN MUSEUM OF ART,2
NLP_User,EAST 67,1
NLP_User,PLAZA,2
NLP_User,NEW UNIVERSITY PEN AND STATIONERY,1
NLP_User,DRY CLEANING,1
NLP_User,BASKIN-ROBBINS,1
NLP_User,THE WESTIN NEW YORK GRAND CENTRAL,1
NLP_User,TURTLE POND,2
NLP_User,NELSON TOWER,2
NLP_User,MARIELLA PIZZA,1
NLP_User,MECOX GARDENS,1
NLP_User,MECOX GARDENS FURNITURE,1
NLP_User,AMC CINEMA,2
NLP_User,TRUMP PLAZA,1
NLP_User,THE KATAGIRI JAPANESE SUPERMARKET,1
NLP_User,A CANNABIS SHOP,1
NLP_User,ST. VERONICA'S,2
NLP_User,76TH,1
NLP_User,RIBBON,1
NLP_User,MANHATTAN ISLAND,1
NLP_User,VIETNAM,2
NLP_User,ALFRED E. SMITH HOUSES,3
NLP_User,THE SAINT MARK'S-IN-THE-BOWERY,1
NLP_User,IBM WATSON,2
NLP_User,THE DAHESH MUSEUM OF ART,1
NLP_User,W. 69TH ST.,1
NLP_User,THE KAUFMAN MUSIC,1
NLP_User,PARK ROW,6
NLP_User,WILLETT,1
NLP_User,THE CENTRAL PARK DRIVEWAY,1
NLP_User,CATHEDRAL,6
NLP_User,ROYAL INSURANCE BUILDING,1
NLP_User,THE ST NICALOAS ORTHODOX,1
NLP_User,VARICK ST. THE MMUSEUMM 1,1
NLP_User,PERSIAN,1
NLP_User,BOHEMIAN,1
NLP_User,BOUWERIE LANE THEATRE,2
NLP_User,ALBANY ST.,1
NLP_User,ABOUT TWO AND A HALF,3
NLP_User,THE WHISPER BENCH,1
NLP_User,THE KING JAGIELLO MONUMENT,1
NLP_User,URBAN,1
NLP_User,WASHINGTON SQUARE DINNER,1
NLP_User,BLUE BOTTLE COFFEE,1
NLP_User,GREEN ST.,1
NLP_User,CHURCH OF THE TRANSFIGURATION,2
NLP_User,THE CITY UNIVERSITY OF NEW YORK,3
NLP_User,CRAFTS STORE,1
NLP_User,MYRA,1
NLP_User,UP TO 4,1
NLP_User,FJÄLLRÄVEN,3
NLP_User,STRAND BOOKSTORE,1
NLP_User,THE EMPIRE BUILDING,4
NLP_User,CHESTER ALAN ARTHUR,1
NLP_User,14TH STREET-UNION SQUARE,1
NLP_User,NUM PANG,1
NLP_User,THE FULLER BUILDING,1
NLP_User,8TH STREET,2
NLP_User,THE MILK BAR,2
NLP_User,THE CRICKET WIRELESS,1
NLP_User,9/11 TRIBUTE MUSEUM,1
NLP_User,KING'S COLLEGE,1
NLP_User,A VERISON WIRELESS,1
NLP_User,THE CATHOLIC SCHOOL ON MOTT STREET,1
NLP_User,ST PATRICK'S,1
NLP_User,ONLY ABOUT 3,1
NLP_User,LIBERTY,1
NLP_User,MCDONALD’S,1
NLP_User,FRIENDS SHOE REPAIR,1
NLP_User,THE PERMANENT MISSION OF THE REPUBLIC OF ZAMBIA,1
NLP_User,TRUMP PALACE,1
NLP_User,THE MARTINIQUE NEW YORK,1
NLP_User,BAYARD STREET OSTETRICS AND GYNECOLOGY,1
NLP_User,THE NEW SCHOOL FOR DESIGN,1
NLP_User,SHOPPE,1
NLP_User,THE END OF SOUTH END AVENUE,1
NLP_User,YMCA,3
NLP_User,PENN STATION,1
NLP_User,THE END OF WEST 24TH,1
NLP_User,THE LINCOLN THEATER FOR PERFOMING ARTS,1
NLP_User,EIGHTH AVENUE,2
NLP_User,THE CANAL STREET BASKET BALL COURT,1
NLP_User,THE STANDARD HOTEL,1
NLP_User,ENGINE,1
NLP_User,WOOSTER,1
NLP_User,HYATT PLACE,2
NLP_User,GREENWHICH STREET,2
NLP_User,MEMORIAL AND MUSEUM,1
NLP_User,THE SOUTH BRONZE NAMES PARAPETS,1
NLP_User,THE FIRST THIRD,1
NLP_User,THE LA COLOMBE COFFEE,1
NLP_User,THE SAMUEL SULLIVAN COX,1
NLP_User,AUGUST,1
NLP_User,LAURA,1
NLP_User,GUITAR CENTER,2
NLP_User,THE TWO CLOTHES SHOP,1
NLP_User,SAINT BRIDGID'S,1
NLP_User,TRYP,3
NLP_User,NEARLY TWO,1
NLP_User,DOWNING STREET,1
NLP_User,PIER,3
NLP_User,THE CHURCH OF ST. JOHN THE,1
NLP_User,THE HAIER BUILDING,1
NLP_User,BOSQUE FOUNTAIN,1
NLP_User,TABLE GREEN,1
NLP_User,BATTER PARK UNDERPASS,1
NLP_User,THE CAPITAL ONE BANK,1
NLP_User,ASSER LEVY,1
NLP_User,WEST 5,1
NLP_User,LACOSTE,3
NLP_User,LIPTON DINING HALL,1
NLP_User,SIMON,1
NLP_User,SCHUSTER BUILDING,1
NLP_User,58TH,3
NLP_User,ST. JEAN BAPTISTE CATHOLIC,1
NLP_User,THE ALLEN-STEVENSON,1
NLP_User,THREE-PLUS,1
NLP_User,DIESEL,2
NLP_User,VANGUARD BAR AND,1
NLP_User,CITY WINERY NEW YORK,2
NLP_User,SOUTH-EAST,1
NLP_User,BROAD,4
NLP_User,J. JILL CLOTHING,1
NLP_User,KAUFAMAN MUSIC,1
NLP_User,1166,1
NLP_User,THE NEW YORK YACHT CLUB,2
NLP_User,DIAMOND BRACES,1
NLP_User,HOUSE MUSEUM,3
NLP_User,JUST OVER 2,1
NLP_User,CHRYSLER,1
NLP_User,THOMAS STREET,1
NLP_User,ODEON,2
NLP_User,SUITES,1
NLP_User,THE SPANISH RESTAURANT,1
NLP_User,CANAL STREET 5,1
NLP_User,DREAMER,1
NLP_User,ARBY'S,2
NLP_User,THE HOTEL WOLCOTT,2
NLP_User,EAST TWO,1
NLP_User,THE CHARITY SHOP,1
NLP_User,DOMINICK STREET,2
NLP_User,3 PARK AVENUE,1
NLP_User,THE USA SHAOLIN TEMPLE,1
NLP_User,TOWNPLACE,1
NLP_User,WEST 21,1
NLP_User,ETHIOPIAN,1
NLP_User,THE GEORGE M. COHAN,2
NLP_User,A LITTLE LESS THAN HALF,1
NLP_User,THE MARITIME HOTEL,1
NLP_User,HOWARD STREET,2
NLP_User,BOND,1
NLP_User,EASTN 32ND STREET,1
NLP_User,62ND,2
NLP_User,TIFFANY & COMPANY JEWELRY,1
NLP_User,CLARION HOTEL PARK,1
NLP_User,VALLEY NATIONAL BANK,1
NLP_User,THE NEW YORK CITY PHARMACY,1
NLP_User,LIFE TIME,1
NLP_User,22ND,1
NLP_User,DEUTSCHE BANK,1
NLP_User,WEST 81ST,1
NLP_User,MARITIME HOTEL,2
NLP_User,VARIK,1
NLP_User,DOMINICK,1
NLP_User,ST MARY'S,1
NLP_User,CHAPEL OF THE SACRED HEARTS OF JESUS & MARY,1
NLP_User,GERTRUDE STEIN,1
NLP_User,GALLARD,1
NLP_User,THE INDEPENDENCE PLAZA,1
NLP_User,THE HUDSON STREET,1
NLP_User,THE HUDSON MARKET,1
NLP_User,THE LOWER EAST,1
NLP_User,A HILTON GARDEN INN,1
NLP_User,THE LIBERTY TOWER,4
NLP_User,JOHN STREET CHURCH,3
NLP_User,THE CITI BANK,2
NLP_User,SHUI MEI CAFE,1
NLP_User,MAGENTA PLAINS,1
NLP_User,BROOME ST.,1
NLP_User,LING KEE,1
NLP_User,AUDIO,1
NLP_User,ODD FELLOWS HALL,1
NLP_User,KINGS PHARMACY,1
NLP_User,DUANE STREET HOTEL,1
NLP_User,CHRISTOPHER SQUARE,1
NLP_User,HOLEY CREAM,1
NLP_User,GREEK ORTHODOX CHURCH,1
NLP_User,ORWASHER,1
NLP_User,THIRD AVENUE,1
NLP_User,STARBUCK'S CAFE,1
NLP_User,SUPERMARKET,1
NLP_User,RICHARD RODGERS THEATRE,1
NLP_User,THE SMOOVE ICE CREAM & KULU DESERTS,1
NLP_User,2 AND A HALF,1
NLP_User,THE SLIPPER ROOM (BURLESQUE THEATRE,1
NLP_User,A LITTLE OVER 2,1
NLP_User,TRINITY LUTHERAN,1
NLP_User,ELLA,1
NLP_User,JANE,2
NLP_User,KEBAB,1
NLP_User,CAFE OLYMPIA,1
NLP_User,VANDERBILT YMCA,1
NLP_User,G-STAR RAW CLOTHES,1
NLP_User,CLARION,1
NLP_User,THE CHURCH OF ST. LUKE,1
NLP_User,FIELDS,2
NLP_User,THE STONEWALL INN,1
NLP_User,THE QUALITY EATS RESTAURANT,1
NLP_User,JEFFERSON,1
NLP_User,BURLING SLIP,1
NLP_User,LEXINGTON AVENUE 1,1
NLP_User,WILLIAM POLL,1
NLP_User,DEROSE METHOD,1
NLP_User,BRIDGE STREET,1
NLP_User,VESEY,1
NLP_User,THE MATCHLESS GIFTS HARE KRISHNA TEMPLE,1
NLP_User,THE SPHERE WITHIN SPHERE,1
NLP_User,THE WALDORF ASTORIA HOTEL,1
NLP_User,DOS TOROS TAQUERIA,2
NLP_User,THE GRAND CENTRAL LIBRARY,1
NLP_User,ASTOR,1
NLP_User,WAGAMAMA,1
NLP_User,FIRE,1
NLP_User,BROOKSDALE CAMPUS,1
NLP_User,MIDTOWN,2
NLP_User,THE INTERNATIONAL CENTER OF PHOTOGRAPHY,2
NLP_User,THE BLUE BAR,1
NLP_User,HYATT HOUSE,2
NLP_User,ABOUT 19,1
NLP_User,THE TRADER JOES,1
NLP_User,APPLE BANK,3
NLP_User,M&T BANK,2
NLP_User,PARKSOUTH,1
NLP_User,NYU LANGONE,2
NLP_User,THE QUEENS MIDTOWN TUNNEL,1
NLP_User,NEW DRAMATISTS,1
NLP_User,THE LOUIS LEFKOWTIZ STATE OFFICE BUILDING,1
NLP_User,LEO HOUSE,1
NLP_User,SQUARE,1
NLP_User,THE EPIPHANY LIBRARY,2
NLP_User,SUGAR FACTORY,1
NLP_User,THE WHITNEY MUSEUM OF ART,1
NLP_User,THE PENINSULA NEW YORK HOTEL,1
NLP_User,EAST 72,1
NLP_User,DALLAS,1
NLP_User,WEST END-COLLEGIATE,1
NLP_User,HISTORIC DISTRICT,2
NLP_User,THE TJ MAXX,1
NLP_User,THE LVMH TOWER,1
NLP_User,JING FONG,1
NLP_User,THE MET LIFE TOWER,1
NLP_User,CITIGROUP,1
NLP_User,THE BANK OF AMERICA TOWER,1
NLP_User,THE AUSTRIAN CULTURAL FORUM,1
NLP_User,PAPER SOURCE,1
NLP_User,MIDDLE EASTERN,1
NLP_User,PROHEALTH URGENT CARE CLINIC,1
NLP_User,RADISSON HOTEL,1
NLP_User,LOUIS,1
NLP_User,HAGOP KEVORKIAN,1
NLP_User,NYU SCHOOL OF LAW,1
NLP_User,MOUNT SINAI,2
NLP_User,WEST 34,1
NLP_User,THE PRET A MANGER,1
NLP_User,PENFED CREDIT UNION,1
NLP_User,ESSEN FAST FOOD,1
NLP_User,SOUTH COVE PARK,1
NLP_User,THE RITE AID,1
NLP_User,GARRET,1
NLP_User,NEW YORK BURGER,1
NLP_User,ONLY ABOUT A HALF,3
NLP_User,CHELSA INN HOTEL,1
NLP_User,SHI EURASIA,2
NLP_User,MARINE MIDLAND BUILDING,1
NLP_User,SPANISH,3
NLP_User,THE TACOS GUEY,1
NLP_User,THE WAGNER HOTEL,1
NLP_User,WILD,1
NLP_User,NEW MUSEUM OF CONTEMPORARY ART,2
NLP_User,CHUN HING CO.,1
NLP_User,ST. JOSEPH SCHOOL,1
NLP_User,THE SUPERCUTS ON UNIVERSITY PLACE,1
NLP_User,THE EVEN HOTEL,1
NLP_User,EAST 69,1
NLP_User,PIER 66A,1
NLP_User,BETWEEN “THREE,1
NLP_User,FIND EAST DRIVE,1
NLP_User,BASIN,1
NLP_User,SHEEP,1
NLP_User,ONE WORLD OBSERVATORY,1
NLP_User,SILVERSTEIN FAMILY PARK,1
NLP_User,SNIFFEN COURT,1
NLP_User,CARMINE,3
NLP_User,EGGERSMANN,1
NLP_User,THE ROMANIAN CULTURAL CENTER,1
NLP_User,WHOLE FOODS,1
NLP_User,AJISAI,1
NLP_User,BASQUE,1
NLP_User,FLORIST,1
NLP_User,BARBIZON HOTEL,2
NLP_User,STUYVESANT HIGH SCHOOL,2
NLP_User,THE END OF THE,1
NLP_User,PROTESTANT,1
NLP_User,HUBERT STREET,2
NLP_User,DUNE READE PHARMACY,1
NLP_User,ST. JOSEPH'S,1
NLP_User,THE NYC LGBT CENTER,1
NLP_User,THE MARQUIS DE LAFAYETTE,1
NLP_User,GERMAN,1
NLP_User,AUSTRALIAN,2
NLP_User,MOTT OPTICAL,1
NLP_User,BAYARD,3
NLP_User,QUINTA INN & SUITES,1
NLP_User,LOOP STREET,1
NLP_User,SOUTH OF A,1
NLP_User,HESTER,2
NLP_User,SMITHFIELD HALL,1
NLP_User,FIERMAN,1
NLP_User,THE AVENUE C SERVICE ROAD,1
NLP_User,ST. TERESA'S,1
NLP_User,RETRO,2
NLP_User,PRET A,1
NLP_User,GODIVA,1
NLP_User,THE BROADWAY STREETS,1
NLP_User,AVENUE C. I,2
NLP_User,C-TOWN,1
NLP_User,HOUNDSTOOTH PUB,1
NLP_User,JUST OVER 4,2
NLP_User,THE CAFE ON THE WEST,1
NLP_User,BROOK'S BROTHERS,1
NLP_User,16TH STREET,1
NLP_User,WEST 32ND STREET,1
NLP_User,THE NEW YORK PUBLIC,1
NLP_User,THE NEW YORK COMEDY CLUB,1
NLP_User,THE EAST GREEN,1
NLP_User,THE SAMUEL F.B. MORSE,1
NLP_User,VETERANS PLAZA,1
NLP_User,THE CUNY GRADUATE SCHOOL AND UNIVERSITY CENTER,1
NLP_User,KUMO SUSHI,1
NLP_User,ONLY THREE,1
NLP_User,EAST 26TH AVENUE,1
NLP_User,THE TOBACCO SHOP,1
NLP_User,SUPREME COURT,1
NLP_User,RITZ-CARLTON 2,1
NLP_User,THE JOHN FLUEVOG SHOES,1
NLP_User,OLD CATHEDERAL,1
NLP_User,H&R BLOCK,1
NLP_User,DESERT BAR,1
NLP_User,EAST 39TH STREET,1
NLP_User,MIKE,1
NLP_User,THE END OF W. 72ND ST.,1
NLP_User,THE PRET A MANGER ON WEST 32ND STREET,1
NLP_User,THE MANHATTAN NEW YORK TEMPLE,2
NLP_User,CHURCH OF THE GUARDIAN ANGEL,1
NLP_User,THE NEW YORK BURGER CO,1
NLP_User,FAST FOOD,1
NLP_User,MET LIFE BUILDING,1
NLP_User,SMITH,2
NLP_User,WOLLENSKY,1
NLP_User,POLO RALPH,1
NLP_User,CORTLANDT,1
NLP_User,A LITTLE OVER TWO,2
NLP_User,TRAMWAY,1
NLP_User,C TOWN,1
NLP_User,POTBELLY,1
NLP_User,PETER DETMOLD PARK,1
NLP_User,ONLY ABOUT 4,1
NLP_User,BRIDGE,1
NLP_User,MARKER SLIP,1
NLP_User,THE MOUNT SINAI HOSPITAL,1
NLP_User,SAINT MARK’S PLACE,1
NLP_User,JUST HALF,1
NLP_User,THE T-MOBILE,3
NLP_User,THE DUBLIN HOUSE PUB ON THE BLOCK EAST,1
NLP_User,THE CAFÉ LE PAIN QUOTIDIEN,1
NLP_User,ONLY ABOUT 7,1
NLP_User,SOCONY-MOBIL BUILDING,2
NLP_User,LISA SHAUB,1
NLP_User,THE END OF EAST 16TH,1
NLP_User,AL HIRSCHFELD THEATRE,1
NLP_User,WEST 76TH ST,1
NLP_User,LEROY STREET,2
NLP_User,RIVERSIDE DRIVE,1
NLP_User,A METHODIST CHURCH,1
NLP_User,HAAGEN-DAZS ICE CREAM SHOP,1
NLP_User,W. 35TH ST.,1
NLP_User,EAST 4,1
NLP_User,ALDO SHOES,1
NLP_User,ED SULLIVAN THEATER,1
NLP_User,THOMKINS SQUARE PARK,1
NLP_User,THE NEW VICTORY THEATER,1
NLP_User,ABOUT A MINUTE,1
NLP_User,SUSHI,1
NLP_User,LE PARKER MÉRIDIEN,1
NLP_User,THE NEW YORK PALACE HOTEL,1
NLP_User,THE LOOK BUILDING,1
NLP_User,ANDAZ,1
NLP_User,THE UPPER EAST SIDE THAI,1
NLP_User,DONUTS,1
NLP_User,LENNY'S BARBER SHOP,1
NLP_User,MAMOUN,1
NLP_User,THE PLAYSTATION THEATER,1
NLP_User,THE NATIONAL GEOGRAPHIC ENCOUNTER,1
NLP_User,DUFFY SQUARE,3
NLP_User,SYDELL,1
NLP_User,TIFFANY IN,1
NLP_User,HESS TRIANGLE,1
NLP_User,ENIGMA,1
NLP_User,NORTHWELL HOSPITAL,1
NLP_User,HSBC BANK ON,1
NLP_User,GRACE MEMORIAL HOUSE,1
NLP_User,THE CATHEDRAL OF THE ARMENIAN ORTHODOX CHURCH OF AMERICA,1
NLP_User,THE SPERRY & HUTCHINSON BUILDING,1
NLP_User,HAI CANG TRADING,1
NLP_User,THE SOUTH STREET SEAPORT MUSEUM,1
NLP_User,WEST 51TH,3
NLP_User,WINTER GARDEN THEATRE,1
NLP_User,PERUVIAN,1
NLP_User,LYCEUM KENNEDY FRENCH AMERICAN SCHOOL,1
NLP_User,THE LENOX HILL HOSPITAL,1
NLP_User,FUAT CAFE,1
NLP_User,SANTISIMO,1
NLP_User,BUY RITE LIQUOR,1
NLP_User,MARSHALL,1
NLP_User,GRACE CHURCH,1
NLP_User,PLACE,1
NLP_User,VINCE,2
NLP_User,TIME LIFE BUILDING,1
NLP_User,RADIO CITY MUSIC HALL,2
NLP_User,THE AMERICAN SURETY BUILDING,1
NLP_User,QUAD CINEMA,2
NLP_User,GRAND CENTRAL STATION,1
NLP_User,THE FRED F. FRENCH,1
NLP_User,THE FRONT STREET,1
NLP_User,CHIPOLTE,1
NLP_User,PORT AUTHORITY BUS TERMINAL,1
NLP_User,CARIBBEAN,1
NLP_User,THE EAST VILLAGE,2
NLP_User,P.S. BURGERS,1
NLP_User,KING,1
NLP_User,EAST 27,2
NLP_User,CONGREGATION EZRATH ISRAEL,1
NLP_User,LOWER EAST SIDE PREPATORY HIGH SCHOOL,1
NLP_User,THE ELIZABETH STREET GARDEN,1
NLP_User,THE NETHERLAND MONUMENT,1
NLP_User,THE ANCIENT CANNON,1
NLP_User,PASS KALUSTYAN'S,1
NLP_User,SOLDIERS,1
NLP_User,MARINES,1
NLP_User,COAST GUARD,1
NLP_User,FLIX BUS,1
NLP_User,BENJAMIN MOORE,3
NLP_User,28TH,1
NLP_User,5 1/2,1
NLP_User,HELLS KITCHEN PARK,1
NLP_User,COLUMBUS LIBRARY,1
NLP_User,JOHN JAY COLLEGE,2
NLP_User,ZURCHER,1
NLP_User,UNITED BENNETON,1
NLP_User,THE CHURCH OF SAINT MARY,1
NLP_User,PAWNBROKER,1
NLP_User,GROUND,1
NLP_User,VENCHI ICE CREAM,1
NLP_User,DUOLINGO HEADQUARTERS,1
NLP_User,PARK UNDERPASS,1
NLP_User,JANOVIC PAINT & DESIGN CENTER,1
NLP_User,THE PYRAMID GARAGE,1
NLP_User,NATURALISTS GAGE,1
NLP_User,MARIONETTE THEATER,1
NLP_User,MARK,1
NLP_User,OFF MADISON,1
NLP_User,AROUND HALF,1
NLP_User,PIER 26,1
NLP_User,TRIBECA DOG,1
NLP_User,HAMILL PLACE,1
NLP_User,FONG,1
NLP_User,MEETING POINT,1
NLP_User,WORTH ST.  IT'S,1
NLP_User,CIVIC,1
NLP_User,CLASSIC STAGE COMPANY,1
NLP_User,THE H-MART,1
NLP_User,ST. THE H-MART,1
NLP_User,SHELTER,1
NLP_User,LITTLE RED SCHOOL HOUSE &,1
NLP_User,ELISABETH IRWIN HIGH SCHOOL,2
NLP_User,ABOUT ANOTHER 10,1
NLP_User,WASHINGTON SQUARE VILLAGE,2
NLP_User,FIXBUS,1
NLP_User,THE END OF WEST 29TH,1
NLP_User,FOUNTAIN,1
NLP_User,SUNY STATE COLLEGE OF OPTOMETRY,2
NLP_User,NORTH OF THE FOUNTAIN,1
NLP_User,A SEPHORA EAST,1
NLP_User,JULIUS,1
NLP_User,THE PINKBERRY ICE CREAM,1
NLP_User,KIPS BAY TOWER,1
NLP_User,THE NEW DOUBLE DRAGON,1
NLP_User,ABOUT 3 1/2,4
NLP_User,GODIVA CHOCOLATIER,1
NLP_User,JOHN’S,1
NLP_User,ASKAN,1
NLP_User,ABOUT 17-19,1
NLP_User,7 1/2,1
NLP_User,LEE ANDERSON'S,1
NLP_User,PASANELLA + SON,1
NLP_User,SEAPORT PAW,1
NLP_User,NATHAN,2
NLP_User,THE NY LIBRARY,1
NLP_User,16TH,1
NLP_User,CRICKET,1
NLP_User,METHODIST,1
NLP_User,OLIVER PEOPLES,1
NLP_User,THE BICYCLE PARKING,1
NLP_User,FIRST CHINESE PRESBYTERIAN CHURCH,1
NLP_User,THE RUSSIAN TEA ROOM,1
NLP_User,RITZ,1
NLP_User,THE ST. ANTHONY OF PADUA CHURCH,2
NLP_User,HUDSON RIVER,2
NLP_User,MATLAND,1
NLP_User,ABOUT 19 OR 20,1
NLP_User,THE END OF WEST 61ST STREET,1
NLP_User,THE ST. BENEDICTS THE MOOR'S CHURCH,1
NLP_User,WEST 80TH STREET,1
NLP_User,THE HYATT HOUSE HOTEL,1
NLP_User,THE NOMAD HOTEL,2
NLP_User,DIANE KEATON,1
NLP_User,WOODY ALLEN,1
NLP_User,INN MARRIOTT,1
NLP_User,THE PORT AUTHORITY BUS TERMINAL,1
NLP_User,JONES STREET,1
NLP_User,SNOW MONKEY,2
NLP_User,LOWER EAST SIDE PLAYGROUND,1
NLP_User,VERSACE,1
NLP_User,ROSELAND BALLROOM,1
NLP_User,MYRA ORTHODOX CHURCH,1
NLP_User,JACOB WREY MOULD FOUNTAIN,1
NLP_User,PUFFY,1
NLP_User,LE POISSON ROUGE,1
NLP_User,THE CHURCH OF THE NATIVITY,2
NLP_User,PARK AVENUE TUNNEL,1
NLP_User,FIRST BAPTIST CHURCH,1
NLP_User,THE COUNCIL OF FOREIGN RELATIONS,1
NLP_User,PEAL STREET,1
NLP_User,CHELSEA WATERSIDE PARK,1
NLP_User,HESTOR STREET,1
NLP_User,THE ED SULLIVAN THEATER,1
NLP_User,OCTAVIA,1
NLP_User,STEAKHOUSE,1
NLP_User,48TH,2
NLP_User,THE DAVID H KOCH THEATER,1
NLP_User,PERFUMERY,1
NLP_User,SANT AMBROEUS,1
NLP_User,7ND AVENUE,1
NLP_User,CROWNE,1
NLP_User,NY PENN,1
NLP_User,THE FRED F. FRENCH BUILDING,2
NLP_User,A TON,1
NLP_User,SLIP,1
NLP_User,ROYAL FATHOLLAHI,1
NLP_User,THE 69TH REGIMENT ARMORY,2
NLP_User,34TH,1
NLP_User,PAEK,1
NLP_User,LEVIS,1
NLP_User,HOOTERS,1
NLP_User,TEREMOK,1
NLP_User,AVENUE B. ABOUT,1
NLP_User,"THE NEW ERA BUILDING,",1
NLP_User,THE CASABLANCA HOTEL,1
NLP_User,THE FAIRFIELD INN & SUITES ON GREENWICH STREET,1
NLP_User,CROSS CITY HALL PARK,1
NLP_User,EXHANGE ALLEY,1
NLP_User,ABOUT TWENTY,1
NLP_User,ANGELA,1
NLP_User,THE LINCOLN CENTER FOR,1
NLP_User,BUY MOBILE,1
NLP_User,COOPERS CRAFT & KITCHEN,1
NLP_User,PRESBYTERIAN CHURCH,1
NLP_User,THOMPSON ALCHEMISTS,1
NLP_User,HUDSON BOULEVARD EAST,4
NLP_User,DIVISION ST.,1
NLP_User,SANTA CLAUS,1
NLP_User,BAKERY,2
NLP_User,LEBANESE,1
NLP_User,HELL,1
NLP_User,MCSWIGGAN,2
NLP_User,CENTRAL PARK ZOO,4
NLP_User,4 WORLD TRADE CENTER,1
NLP_User,THE MATTRESS FIRM,1
NLP_User,MATTRESS FIRM,1
NLP_User,JAMES J WALKER PARK,1
NLP_User,BROWN BUILDING,1
NLP_User,ONLY ABOUT FOUR,2
NLP_User,THE CHILDREN'S MUSEUM OF THE ARTS,1
NLP_User,NORTH MOOR,1
NLP_User,OLIVER,1
NLP_User,SOLOW,1
NLP_User,THE HOME DEPOT AND OUTBACK STEAKHOUSE,1
NLP_User,MOSCO,1
NLP_User,THE LITTLE RED SCHOOL HOUSE &,1
NLP_User,75TH,1
NLP_User,77TH,1
NLP_User,EAGLEVALE,1
NLP_User,THE 1ST,1
NLP_User,A CITY BIKE,1
NLP_User,THE UNIVERSITY ON WEST 13TH STREET,1
NLP_User,METLIFE,1
NLP_User,THE RITE AID PHARMACY,1
NLP_User,MINETTA STREET,1
NLP_User,THE END OF EAST 77TH STREET,1
NLP_User,THE GAGOSIAN MUSEUM,1
NLP_User,ABOUT ANOTHER 4,1
NLP_User,NY PUBLIC,1
NLP_User,W. 41ST,1
NLP_User,CHARLES,2
NLP_User,7 BENCHES,1
NLP_User,BROADSTREET,1
NLP_User,ARPITA DELI & GORCERY,1
NLP_User,TRIBECA PARK,1
NLP_User,JANIE,1
NLP_User,JACK,1
NLP_User,8TH AVE,1
NLP_User,AMERICAN AIRLINES THEATRE,1
NLP_User,THE METROPOLITAN CLUB,1
NLP_User,MADISON AVE,2
NLP_User,STARBUCK CAFE,1
NLP_User,VANS SHOES,1
NLP_User,AVENUE B. THE,1
NLP_User,NEW YORK STATE SUPREME COURT,1
NLP_User,PITCH,1
NLP_User,SEBASTIAN BRECHT,1
NLP_User,THE TRUMP PLAZA APARTMENTS,1
NLP_User,THE NORTHWELL HEALTH CLINIC,1
NLP_User,PIER 86,1
NLP_User,LOCKHEED,1
NLP_User,A-12,1
NLP_User,THE CALVARY BAPTIST CHURCH,1
NLP_User,THE CENTRAL PRESBYTERIAN CHURCH,1
NLP_User,THE DAILY NEWS BUILDING,1
NLP_User,WEST WEST,1
NLP_User,JOHN JAY,1
NLP_User,EAST VILLAGE HOTEL,1
NLP_User,VERAMEAT,1
NLP_User,WESTGATE RESORTS,1
NLP_User,KAZUZA,1
NLP_User,THE TACKLE CART,1
NLP_User,THE HOTEL PENN,2
NLP_User,THE END OF WEST 33RD STREET,1
NLP_User,MALL,1
NLP_User,THE CAFE ALONG AVENUE B,1
NLP_User,CAFE CORTADITO,1
NLP_User,CROWN,1
NLP_User,THE JOYCE THEATRE,1
NLP_User,GRILL,1
NLP_User,THE SERBIAN ORTHODOX CHURCH,1
NLP_User,HUGO BOSS,1
NLP_User,MULTIPOLYGON WATER,1
NLP_User,WATTS,1
NLP_User,RIDGEWOOD SAVINGS BANK,1
NLP_User,PIL PIL,1
NLP_User,YORKVILLE,1
NLP_User,AC HOTEL,1
NLP_User,CHURCH OF ST. LUKE,1
NLP_User,THE HOTEL CHELSEA,1
NLP_User,ONLY ABOUT 2 1/2,1
NLP_User,THE K-MART,1
NLP_User,KAWANDE MARTIN,1
NLP_User,CARLO,1
NLP_User,THE FIRE STATION,1
NLP_User,NOWHERE,1
NLP_User,MULBERY,1
NLP_User,TRIUMPH OF THE HUMAN,1
NLP_User,THE EAST 8TH,1
NLP_User,THE GENERAL MOTORS BUILDING,1
NLP_User,MORMON,1
NLP_User,MANHATTAN NEW YORK TEMPLE,1
NLP_User,WEST 23ND STREET,1
NLP_User,KRISPY KREME,1
NLP_User,NATIVITY,1
NLP_User,CHURCH OF THE NATIVITY,1
NLP_User,ADAMS,1
NLP_User,YORK,1
NLP_User,MORGAN STANLEY BUILDING,1
NLP_User,TIMES SQUARE BALL,1
NLP_User,HAROLD SQUARE,1
NLP_User,WEST 32,1
NLP_User,THE IMPERIAL PARKING LOT,1
NLP_User,SUN GLASS HUT,1
NLP_User,KIPS BAY LIBRARY,1
NLP_User,EASTERN TURN,1
NLP_User,THE KAY JEWELERS,1
NLP_User,SUNGLASS,1
NLP_User,MACYS,1
NLP_User,WELL FARGO,1
NLP_User,MORE THAN TWO,2
NLP_User,THE LIBRARY HOTEL COLLECTION,1
NLP_User,KIXBY,1
NLP_User,13TH STREET,1
NLP_User,UNFCU,1
NLP_User,THE END OF EAST 45TH,1
NLP_User,THE END OF WEST 72ND,2
NLP_User,11TH STREET,1
NLP_User,THE SOUTHEAST OF,1
NLP_User,THE HYATT PLACE,1
NLP_User,EAST 71ST,1
NLP_User,A CHASE BANK,1
NLP_User,IMMACULATE CONCEPTION CHURCH,1
NLP_User,BARBECUE,1
NLP_User,THE GAY LIBERATION MONUMENT,1
NLP_User,BATTERY PARK CITY GREENWAY,3
NLP_User,ZAMBIA,1
NLP_User,THE NYU SILVER SCHOOL OF SOCIAL WORK,1
NLP_User,PHO BANG,1
NLP_User,ITALIAN AMERICAN MUSEUM,1
NLP_User,THE CITIBIKE GRAND ST.,1
NLP_User,SAKS OFF 5TH,1
NLP_User,BOROUGH,1
NLP_User,MANHATTAN COMMUNITY COLLEGE,1
NLP_User,JUST ABOUT 2 1/2,1
NLP_User,JACKS,1
NLP_User,MYZEL’S CHOCOLATE,1
NLP_User,ST. HEAD,1
NLP_User,THE THE RAMBLE AND LAKE,1
NLP_User,AVENUE D. IT,1
NLP_User,460 WEST 34TH,1
NLP_User,LIBRARY BUILDING,1
NLP_User,YOGA PLACE,1
NLP_User,THE 24 HOUR,1
NLP_User,THE EAST OF,1
NLP_User,CASA DE MONTEECRISTO,1
NLP_User,CIGAR INN,1
NLP_User,CLIFF STREET,1
NLP_User,THE MIDDLE OF 39TH,1
NLP_User,THE TAP HOUSE,1
NLP_User,WEST 55THST,1
NLP_User,THE MUSEUM AT FIT,1
NLP_User,AZALEA,1
NLP_User,YELLOW,1
NLP_User,THE 3RD AVE DOLLAR & MORE,1
NLP_User,CASSIDYS,1
NLP_User,CASSIDY,1
NLP_User,THE MOUNT VERNON HOTEL MUSEUM,1
NLP_User,MASJID,1
NLP_User,CLIFF,1
NLP_User,A MONTH AGO,1
NLP_User,SPRINGHILL,1
NLP_User,ST JAMES PLACE,1
NLP_User,MADISON SQUARE STATION,1
NLP_User,WINNIE BODY & FOOT SPA,1
NLP_User,BEAUX ARTS,1
NLP_User,STAYBRIDGE,1
NLP_User,THAMES STREET,1
NLP_User,RIVERSIDE LIBRARY,1
NLP_User,THE BARBIZON HISTORIC HOTEL,1
NLP_User,GREEK ORTHODOX,1
NLP_User,HILTON NEW YORK,1
NLP_User,PAPYRUS,2
NLP_User,PETLAND DISCOUNTS,1
NLP_User,THE NEW YORK POLICE DEPARTMENT,1
NLP_User,KIMPTON HOTEL,1
NLP_User,TEA CAFE,1
NLP_User,THE LIBERTY TOWERS,1
NLP_User,BUFFALO,1
NLP_User,DRESS BARN,1
NLP_User,BARN,1
NLP_User,WANAMAKER PLACE,1
NLP_User,MONSTER,1
NLP_User,EAST 40 STREET,1
NLP_User,THE WESTIN HOTEL,1
NLP_User,SIMPLY,2
NLP_User,ORSAY ON THE WEST,1
NLP_User,ALAN ARTHUR,1
NLP_User,THE BAY.,1
NLP_User,SPRINGHILL SUITES,1
NLP_User,BURLINGTON,1
NLP_User,THE LEXINGTON AVENUE - 63RD STREET DISTRICT,1
NLP_User,KITCHEN PARK,1
NLP_User,WEST 31TH,1
NLP_User,35TH,1
NLP_User,MARTINA M. REYNOLDS,1
NLP_User,BROOKDALE CAMPUS,1
NLP_User,A SELF EDGE,2
NLP_User,TACKLE CART,1
NLP_User,SUPERCUTS,1
NLP_User,MALAYSIAN,1
NLP_User,SKIRBALL,1
NLP_User,THE MANHATTAN PLAZA WINERY,1
NLP_User,INNOCENT YESTERDAY,1
NLP_User,EAST 57TH STREET,1
NLP_User,NEIL SIMON,1
NLP_User,CHAMBER ST,1
NLP_User,THE BLINK FITNESS,1
NLP_User,PIER 25,2
NLP_User,NON-VIOLENCE,1
NLP_User,KENMARE,1
NLP_User,GENERATING STATION,1
NLP_User,JACOB RIIS HOUSES,1
NLP_User,KALUSTYANS,1
NLP_User,SUSHI YASKA,1
NLP_User,ZARA CLOTHES,1
NLP_User,J. JILL,1
NLP_User,THE SAN REMO,1
NLP_User,CITI BIKE BIKE,1
NLP_User,ABOUT 3/4S,1
NLP_User,WOLENSKY,1
NLP_User,THE WALDORF-ASTORIA HOTEL,1
NLP_User,LA MAISON FRANCAISE,1
NLP_User,WINSTON CHURCHILL,1
NLP_User,NEUHAUS,1
NLP_User,NEW YORK CRYSTAL PALACE,1
NLP_User,P.J. CLARKE’S,2
NLP_User,ABOUT FOUR AND A HALF,1
NLP_User,THE BLOOMBERG TOWER,1
NLP_User,REHOBOTH SPA LOUNGE,1
NLP_User,THE COOPER CLASSICS LTD,1
NLP_User,DUNKIN DONUT,1
NLP_User,WILLIAMS,1
NLP_User,55TH STREET,1
NLP_User,BURGER & LOBSTER,1
NLP_User,THE END OF EAST 16TH STREET,1
NLP_User,THE SAINT VARTAN PARK PLAYGROUND,1
NLP_User,ROYAL TUINA,1
NLP_User,OVER ONE,1
NLP_User,GLASS & VAPOR WAREHOUSE,1
NLP_User,PATSY,1
NLP_User,PIZZERIA,1
NLP_User,CAMP CANINE,1
NLP_User,A SOLA SOLONS,1
NLP_User,GAME STOP,1
NLP_User,THE EAST 72ND,1
NLP_User,LONGACRE THEATRE,1
NLP_User,THE PERMANENT MISSION OF,1
NLP_User,FRANCE,1
NLP_User,GRAMERCY PARK NORTH,1
NLP_User,THE CITY UNIVERSITY,1
NLP_User,EAST 65TH STREET,1
NLP_User,THE LEARNING SPRING SCHOOL,1
NLP_User,THE ST. VINCENT DE PAUL CHURCH,1
NLP_User,JOSEPH P. WARD STREET,1
NLP_User,MARIZ,1
NLP_User,EAST 27TH STREET,1
NLP_User,ST. VINCENT DE PAUL CHURCH,1
NLP_User,METROPOLITAL OPERA,1
NLP_User,DAVID H. KOCH THEATER,1
NLP_User,BETWEEN THE FIFTH AND SIXTH,1
NLP_User,WESTERN UNION,1
NLP_User,THE BLUE SPOON COFFEE COMPANY,1
NLP_User,CITY HALL PARK,2
NLP_User,THE PARK ROW BUILDING,1
NLP_User,SANDWICH HOUSE,1
NLP_User,DA CLAUDIO,1
NLP_User,THE AMERICAS PLAZA,1
NLP_User,MCGINNS,1
NLP_User,PAST CHURCH OF SAINT FRANCIS XAVIER,1
NLP_User,THE BETH ISRAEL MEDICAL GROUP URGENT CARE,1
NLP_User,OLIVE GARDEN YOU,1
NLP_User,THE NEW YEARS EVE BALL,1
NLP_User,E. 81ST ST.,1
NLP_User,GRAMERCY TAVERN,1
NLP_User,GRAND ARMY PLAZZA,1
NLP_User,CAFÉ,1
NLP_User,UN GIFT SHOP,1
NLP_User,24 HOUR,1
NLP_User,1888,1
NLP_User,BATTERY BIKEWAY,1
NLP_User,CITYRACKS,1
NLP_User,UNLEASHED PET SHOP,1
NLP_User,SUIT,1
NLP_User,THE BROOKFIELD PLACE SUPERMARKET,1
NLP_User,THE HUDSON RIVER GREENWAY,1
NLP_User,GOLDMAN SACHS TOWER,1
NLP_User,SEPTEMBER 11TH,1
NLP_User,BIO CARE PHARMACY,1
NLP_User,13 1/2,1
NLP_User,CITYBANK,1
NLP_User,E. 72ND,1
NLP_User,HANOVER SQUARE STREET,1
NLP_User,HANOVER,1
NLP_User,TOMKINS SQUARE,1
NLP_User,BUBBLEOLOGY,1
NLP_User,JEKYLL AND,1
NLP_User,HYDE CLUB,1
NLP_User,MADE MAN,1
NLP_User,PARK HYATT,1
NLP_User,EASTWEST UNIBANK,1
NLP_User,A NEW YORKS TIMES BUILDING,1
NLP_User,THE SUPREME COURT,1
NLP_User,ABOUT 4 AND ONE HALF,1
NLP_User,BLUE DOOR,1
NLP_User,BILLY,1
NLP_User,CEDAR,1
NLP_User,WALKER ST.,1
NLP_User,AT&T MOBILE,1
NLP_User,PREFERRED HOTELS AND RESORTS,1
NLP_User,THE SHAKE SHACK,1
NLP_User,THE COMEDY CELLAR,1
NLP_User,ABOUT 15 AND A HALF,1
NLP_User,THE KASHKAVAL GARDEN MEDITERRANEAN,1
NLP_User,"8TH 
AVENUE",1
NLP_User,THE WEST 41ST,1
NLP_User,THE BAY WEST SOUTH,1
NLP_User,LANTE,1
NLP_User,TED BAKER,1
NLP_User,SACKS,1
NLP_User,THE SCOTCH & SODA,1
NLP_User,JANIE & JACK,1
NLP_User,THE CANAL STREET,1
NLP_User,KIEL,1
NLP_User,200 YEAR OLD,1
NLP_User,CRICKET WIRELESS ON,1
NLP_User,HOTEL,1
NLP_User,OGILVY & MATHER,1
NLP_User,DEWITT CLINTON PARK,1
NLP_User,SAMUEL J. FRIEDMAN THEATRE,1
NLP_User,THE SCOTCH AND SODA,1
NLP_User,CRYSTAL PALACE,1
NLP_User,CONFECTIONARY,1
NLP_User,A HISTORIC MEMORIAL,1
NLP_User,NYC DOT,1
NLP_User,BERTELSMANN BUILDING,1
NLP_User,TURN NORTH,1
NLP_User,BACCARAT,1
NLP_User,WEST 22NDS,1
NLP_User,THE LOFT CLOTHES SHOP,1
NLP_User,SERBIAN,1
NLP_User,THE TRADER JOE'S,1
NLP_User,JOHANN WOLFGANG VAN GOETHE,1
NLP_User,HAAGEN-DAZS,1
NLP_User,6TH STREET,1
NLP_User,MINETTA PLAYGROUND,1
NLP_User,THE NUDIE JEANS CO.,1
NLP_User,MILLENIUM,1
NLP_User,SEVENTH AVENUE,1
NLP_User,THE MORGAN STANLEY BUILDING,1
NLP_User,INDOCHINO ON BROAD STREET,1
NLP_User,ARTHUR STRICKLER TRIANGLE,1
NLP_User,HAO NOODLE,1
NLP_User,BETONY,1
NLP_User,LIAM JOHNSON CAR,1
NLP_User,THIRD AVE,1
NLP_User,SCANDINAVIAN,1
NLP_User,NEW YORK COCOA EXCHANGE BUILDING,1
NLP_User,THE BOOKS SHOP,1
NLP_User,SAMUEL F. B. MORSE,1
NLP_User,NEW YORK UNIVERSITY INSTITUTE OF FINE ARTS,1
NLP_User,BETHUNE STREET,1
NLP_User,WINTER,1
NLP_User,GARDEN,2
NLP_User,JAZZ,1
NLP_User,4TH STREET,1
NLP_User,THE ACE HARDWARE,1
NLP_User,RENAISSANCE,2
NLP_User,W. 19TH ST,1
NLP_User,CHELSEA,1
NLP_User,THE LONDON TERRACE,1
NLP_User,THE BEER BAR CAFE CENTRO,1
NLP_User,TAKE PARK AVENUE,1
NLP_User,ROBERTA PIZZA,1
NLP_User,THE CAFE ON BROADWAY,1
NLP_User,THE NYC HEALTH & NUTRITION,1
NLP_User,AMPH,1
NLP_User,BLAZING SADDLES,1
NLP_User,PIER 15,1
NLP_User,THE ATLAS SOCIAL CLUB,1
NLP_User,68TH,1
NLP_User,SHEEP MEADOW,1
NLP_User,MURRAY HILL HOUSE,1
NLP_User,THE MURRAY NAIL,1
NLP_User,SEWARD PARK LIBRARY,1
NLP_User,A UNITED STATES POST OFFICE,1
NLP_User,WEST 67TH STREET,1
NLP_User,J.JILL,1
NLP_User,THE LANGHAM APARTMENTS,1
NLP_User,DAVID CHILDS,1
NLP_User,EAST PAST,1
NLP_User,FAIRWAY MARKET,1
NLP_User,CHELSEA TOWER,1
NLP_User,PLAZA BUILDING,1
NLP_User,A PRET A MANGER ON EAST 41ST STREET,1
NLP_User,THE BELGIAN PUB,1
NLP_User,NEW YORK CITY CENTER,1
NLP_User,EAST 15TH STREET,1
NLP_User,THE EAST HALF,1
NLP_User,HOOTER,1
NLP_User,THE CHURCH OF SAINT PAUL,1
NLP_User,APOSTLE,1
NLP_User,ALVIN AILEY DANCE THEATER,1
NLP_User,GRAMERCY,1
NLP_User,MOLLY,1
NLP_User,AVENUE A. THE NEW YORK EYE,1
NLP_User,CATHAY BANK ON CANAL STREET,1
NLP_User,MOYNIHAN UNITED,1
NLP_User,THE METROPOLITAN CORRECTIONAL CENTER,1
NLP_User,FILIPINO,2
NLP_User,CURRY,1
NLP_User,THEATERE GROUP,1
NLP_User,THE FRED F. FRENCH BUILDING AND,1
NLP_User,KOSCIUSZKO FOUNDATION,1
NLP_User,THE EMIGRANT SAVINGS,1
NLP_User,THE HIGHGATE HOTEL,1
NLP_User,HIGHTGATE,1
NLP_User,THE CENTRAL PARK TOWER,1
NLP_User,GRENWICH STREET,1
NLP_User,MCGRAW-HILL,1
NLP_User,THE PEOPLE'S FORUM,1
NLP_User,KNOCKERBOCKER BAR & GRILL,1
NLP_User,THE WHITE OAK TAVERN,1
NLP_User,NEW FRESH CLEANERS,1
NLP_User,SUTTON PLACE,1
NLP_User,JETHRO TULL,1
